ID,Address,Job Number,Job Name,Latitude,Longitude,Radius,Tags,Notes,Type
22233005,"197 HARP CT. Merced, CA 95341, CA, USA",CCSVS2,SOLERA II,37.291284,-120.42629,250,"Central Valley,Silvano Sanchez",CCSVS2,Normal Geofence
22233006,"3919 MITCHELL AVE, Clovis, CA 93619, USA",CCLV00,LOMA VISTA ARROYO,36.814154,-119.646682,250,"Central Valley,Julio Contreras",CCLV00,Normal Geofence
22233007,"7437 E PRINCETON AVE, Fresno, CA 93737, USA",CCLP20,LOCAN POINTE II,36.776149,-119.656635,250,"Central Valley,Julio Contreras",CCLP20,Normal Geofence
22233008,"1602 DODDER DR, Los Banos, CA 93635, USA",DRBS00,BROOKSHIRE,37.049895,-120.880961,250,"Central Valley,Albert Sanchotena",DRBS00,Normal Geofence
22233009,"2288 OWENS CT, Los Banos, CA",DRSP00,SOUTHPOINTE,37.058279,-120.849915,250,"Central Valley,Albert Sanchotena",DRSP00,Normal Geofence
22233010,"273 SULLIVAN DR, Merced, CA 95348, USA",DRPM20,PANORAMA II,37.345642,-120.472113,250,"Central Valley,Silvano Sanchez",DRPM20,Normal Geofence
22233011,"295 WHITE RIM CT, Merced, CA",DRSS00,STONERIDGE SOUTH,37.302163,-120.482968,250,"Central Valley,Silvano Sanchez",DRSS00,Normal Geofence
22233012,"703 SUNOL CT, Merced, CA 95348, USA",DRMR00,MONTERRA,37.347451,-120.480091,250,"Central Valley,Silvano Sanchez",DRMR00,Normal Geofence
22233013,"905 E CAMERON AVE, Visalia, CA 93277, USA",DRDO00,DIAMOND OAKS,36.293867,-119.287909,250,"Central Valley,Julio Garcia",DRDO00,Normal Geofence
22233015,"1415 THOMAS ST, Los Banos, CA",DRSH00,SHAUNESSY,37.058279,-120.849915,250,"Central Valley,Albert Sanchotena",DRSH00,Normal Geofence
22233016,"2116 EUREKA CT, Atwater, CA 95301, USA",DRBC00,BELL CROSSING,37.348793,-120.624575,250,"Central Valley,Andres Rodriguez",DRBC00,Normal Geofence
22233017,"10321 MONAHAN ST, Bakerfield, CA",DRBL00,BELLA SERA,35.294992,-119.11671,250,"Central Valley,Julio Garcia",DRBL00,Normal Geofence
22233020,"5212 N. Maroa Ave, Fresno, CA 93704, USA",GH6290,TRACT 6290,36.812297,-119.799101,250,Central Valley,GH6290,Normal Geofence
22233021,"478 E Childs Ave, Merced, CA 95341, USA",HCCA00,CHILDS AVE. APT.,37.287664,-120.472913,250,"Central Valley,Albert Sanchotena",HCCA00,Normal Geofence
22233022,"1048 S. PROSPERITY S, Mountain House, CA 95391, USA",KVMV00,MEADOWVIEW,37.747729,-121.541387,250,"Central Valley,Andres Rodriguez",KVMV00,Normal Geofence
22233023,"915 S FILBERT AVE, Fresno, CA 93727, USA",KVIP00,INSPIRADO,36.724625,-119.672365,250,"Central Valley,Julio Garcia",KVIP00,Normal Geofence
22233024,"4234 FREEMARK AVE, Merced, CA 95348, USA",KVAB20,ASPIRE BELLEVUE II,37.343954,-120.482519,250,"Central Valley,Silvano Sanchez",KVAB20,Normal Geofence
22233025,"1718 STEPHANIE ST, Manteca, CA 95337, USA",KBSD00,SUNDANCE,37.776122,-121.24315,250,"Central Valley,Andres Rodriguez",KBSD00,Normal Geofence
22233026,"3590 TAOS WAY, Madera, CA",KBFLC0,FIELDING COTTAGES,36.961336,-120.060718,250,"Central Valley,Albert Sanchotena",KBFLC0,Normal Geofence
22233027,"928 S CLOVER AVE, Fresno, CA 93727, USA",KBLG00,LAUREL GROVE,36.723588,-119.665097,250,"Central Valley,Julio Garcia",KBLG00,Normal Geofence
22233028,"2037 N REDDA RD, Fresno, CA  93737, USA",KBSE00,SEVILLE,36.779927,-119.661428,250,"Central Valley,Julio Contreras",KBSE00,Normal Geofence
22233029,"2447 EXPLORADOR DR, Merced, CA 95340, USA",LEMSU0,MORAGA SUMMER,37.331841,-120.438486,250,"Central Valley,Andres Rodriguez",LEMSU0,Normal Geofence
22233030,"124 SENTINEL DR. SOU, Madera, CA 93636, USA",LERSC0,CORONET @ RIVERSTON,36.920815,-119.806845,250,"Central Valley,Julio Contreras",LERSC0,Normal Geofence
22233031,"10308 MONARCH DR, Bakersfield, CA 93306, USA",LGJG00,JULIANAS GARDENS,35.401953,-118.88918,250,"Central Valley,Julio Garcia",LGJG00,Normal Geofence
22233032,"4259 W. BULLARD AVE, Fresno, CA 93722, USA",SEBA00,BULLARD-FIGARDEN APT,36.822464,-119.867897,250,Central Valley,SEBA00,Normal Geofence
22233034,"1250 sawtooth dr, Hollister, CA 95023, USA",TMCV00,CERRO VERDE,36.845822,-121.378217,250,"Central Valley,Albert Sanchotena",TMCV00,Normal Geofence
22233035,"2088 GREENBRIAR DR, Lose Banos, CA 93635, USA",UCSN00,SUNRISE RANCH,37.0661,-120.822626,250,"Central Valley,Albert Sanchotena",UCSN00,Normal Geofence
22233037,"41664  ROAD 62, Dinuba, CA",WSRC20,RIDGE CREEK PHASE II,36.547252,-119.434196,250,"Central Valley,Julio Garcia",WSRC20,Normal Geofence
22233038,"5467 E SUMNER AVE, Fowler, CA 93625, USA",WS6274,TRACT 6274,36.627132,-119.691797,250,"Central Valley,Silvano Sanchez",WS6274,Normal Geofence
22233039,"1636 PRESCOTT AVE, Clovis, CA 93619, USA",WSFS10,FARMSTEAD 100'S,36.864488,-119.670878,250,"Central Valley,Julio Contreras",WSFS10,Normal Geofence
22233040,"1698 N BUNDY AVE, Clovis, CA 93611, USA",WSFS80,FARMSTEAD 80'S,36.839791,-119.686556,250,"Central Valley,Julio Contreras",WSFS80,Normal Geofence
22233043,"6201 E YALE AVE, Fresno, CA 93727, USA",WSBR45,BROOKLYN 45's,36.769804,-119.727822,250,"Central Valley,Julio Contreras",WSBR45,Normal Geofence
22233044,"1377 RIDGE CREEK EST, Dinuba, CA 93618, USA",WSRCE0,RIDGE CREEK ESTATES,36.544607,-119.438076,250,"Central Valley,Julio Garcia",WSRCE0,Normal Geofence
22233055,"8881 PORTIA DR, Reno, NV",DRSD20,SILVER DOLLAR AREA 2,39.529633,-119.813803,250,"Reno,Joaquin Gonzalez-Cruz",DRSD20,Normal Geofence
22233059,"2016 CRADLE MOUNTAIN, Reno, NV",KDESN0,NORTHGATE,39.529633,-119.813803,250,"Reno,Joaquin Gonzalez-Cruz",KDESN0,Normal Geofence
22233074,"2939 LIMOGES WALK, Sacramento, CA",BMPV00,PROVENCE,38.651424,-121.527345,250,"Sacramento,Ramon Camarena",BMPV00 PROVENCE,Normal Geofence
22233075,"1888 MAIDEN GRASS AV, Manteca, CA",CCTR00,TERRA RANCH,37.791461,-121.203145,250,"Central Valley,Andres Rodriguez",CCTR00,Normal Geofence
22233076,"5118 THOMAS DR, Auburn, CA 95602, USA",CJBDSB,CUSTOM,38.990993,-121.080311,250,Sacramento,CJBDSB,Normal Geofence
22233077,"725 ARNOLD COURT, Dixon, CA 95620, USA",CJELSB,EARL LATHAM SHOP,38.440171,-121.81449,250,"Sacramento,Robert David Mann",CJELSB,Normal Geofence
22233078,"4170 NORD HWY, Chico, CA 95973, USA",DYHLA0,HERITAGE LANDING,39.776803,-121.890943,250,"Sacramento,Ivan Contreras Sanchez",DYHLA0,Normal Geofence
22233079,"1673 STETSON CIR, West Sacramento, CA",DYNV00,NEWPORT VILLAS,38.580461,-121.530234,250,"Sacramento,Ramon Camarena",DYNV00,Normal Geofence
22233080,"1140 CAMELLA DR, Dixon, CA",DRSA00,SAVANNAH,38.439393,-121.837434,250,"Sacramento,Gael Cortez Pozos",DRSA00 SAVANNAH,Normal Geofence
22233081,"1986 FIRE POWER AVE, Manteca, CA 95337, USA",DRAR00,ARLINGTON,37.773654,-121.18903,250,"Sacramento,Gerardo Omar Hernandez JR",DRAR00,Normal Geofence
22233082,"15385 ATHENA ST, Lathrop, CA 95330, USA",DRBV00,BELLA VITA,37.80178,-121.341559,250,"Sacramento,Gerardo Omar Hernandez JR",DRBV00,Normal Geofence
22233083,"2862 CAUTHEN WAY, Antelope, CA 95843, USA",DRMG00,MORAGA,38.716468,-121.396048,250,"Sacramento,Jose Hermosillo",DRMG00,Normal Geofence
22233084,"10812 KENTLEDGE ST, Stockton, CA",DRWLP0,WL PALOMINO,37.957702,-121.29078,250,"Sacramento,Gerardo Omar Hernandez JR",DRWLP0,Normal Geofence
22233085,"4234 ROANNE WAY, Rancho Cordova, CA 95742, USA",PHML00,MONTELENA,38.548241,-121.229817,250,"Sacramento,Hector M Michel",PHML00,Normal Geofence
22233086,"10040 EVENING STAR Dr, Roseville, CA 95747, USA",HTMR20,MORGAN RANCH 2,38.728127,-121.342075,250,"Sacramento,Jose Hermosillo",HTMR20,Normal Geofence
22233087,"874 WEST MAIN CT, Winters, CA 95694, USA",HTST00,STONES THROW,38.530428,-121.986707,250,"Sacramento,Gael Cortez Pozos",HTST00,Normal Geofence
22233088,"5041 CHELSEA CREEK R, Roseville, CA 95747, USA",JMSV20,SIERRA VISTA 20,38.761893,-121.367893,250,"Sacramento,Jose Hermosillo",JMSV20,Normal Geofence
22233089,"2286 RANCH VIEW DR, Rocklin, CA 95765, USA",JMWR50,WHITNEY RANCH 50,38.836598,-121.266672,250,"Sacramento,Jose Hermosillo",JMWR50,Normal Geofence
22233091,"4532 GOODE ST, Antioch, CA 94531, USA",KVRM00,RIVERVIEW MONTANA,37.986939,-121.759661,250,"Sacramento,Gerardo Omar Hernandez JR",KVRM00,Normal Geofence
22233092,"3149 KOLA ST, Live Oak, CA 95953, USA",KVAGG0,GARDEN GLEN,39.278741,-121.671544,250,"Sacramento,Ramon Camarena",KVAGG0,Normal Geofence
22233093,"7232 STAR TRAIL WAY, Roseville, CA",KVASS0,ASPIRE @ SOLAIRE,38.801472,-121.350555,250,"Sacramento,Jose Hermosillo",KVASS0,Normal Geofence
22233094,"1713 BOTTICELLI WAY, Lodi, CA",KVVTL0,VINEYARD TERRACE LAV,38.134148,-121.272219,250,"Sacramento,Gerardo Omar Hernandez JR",KVVTL0,Normal Geofence
22233095,"8009 OXBOW LANDING L, Roseville, CA 95747, USA",KVWCF0,W. CREEK FIREFLY,38.798461,-121.392866,250,"Sacramento,Jose Hermosillo",KVWCF0,Normal Geofence
22233096,"1659 SILVERSHINE DR, Stockton, CA 95206, USA",KVRTA0,RIVER TERRACE,37.932516,-121.308915,250,"Sacramento,Anthony Shaffer",KVRTA0,Normal Geofence
22233097,"1970 ROUALT WAY , Lodi, CA 95242, USA",KVVTE0,ENCANTADA,38.110167,-121.302386,250,"Sacramento,Gerardo Omar Hernandez JR",KVVTE0,Normal Geofence
22233098,"5069 WAGNER OAK WAY, El Dorado Hills, CA",KVHL00,HIDDEN LAKE,38.622803,-121.044455,250,"Sacramento,Hector M Michel",KVHL00,Normal Geofence
22233099,"6214 TRAINOR CT, Citrus Heights, CA",KBMVH0,MITCHELL VILLAGE HER,38.707125,-121.281061,250,"Sacramento,Jose Hermosillo",KBMVH0,Normal Geofence
22233100,"212 CASK DR, Vacaville, CA",CRRR00,ROBERTS RANCH,38.342478,-121.961364,250,"Sacramento,Gael Cortez Pozos",CRRR00,Normal Geofence
22233101,"4734 MCDOUGALD BLVD, Stockton, CA 95206, USA",LGCS20,CORNERSTONE II,37.899123,-121.294428,250,"Sacramento,Gerardo Omar Hernandez JR",LGCS20,Normal Geofence
22233102,"2227 REUNION LN, Rio Vista, CA 94571, USA",LGTS00,SUMMIT,38.20052,-121.716035,250,"Sacramento,Gael Cortez Pozos",LGTS00,Normal Geofence
22233103,"1970 BIRMINGTON CT, Linda, CA 95901, USA",LGTA00,THE ARBORS,39.113793,-121.543326,250,"Sacramento,Ramon Camarena",LGTA00,Normal Geofence
22233104,"4087 LIVERPOOL ST, West Sacramento, CA",LGBL00,BRIDGEWAY LAKES,38.523044,-121.566724,250,"Sacramento,Ramon Camarena",LGBL00,Normal Geofence
22233105,"4039 KENWOOD CIR, Oakley, CA 94561, USA",MHTV50,THE VINES 50'S,37.996421,-121.738908,250,"Sacramento,Gerardo Omar Hernandez JR",MHTV50,Normal Geofence
22233106,"824 DIAMANTE WAY, Oakley, CA 94561, USA",MHAL42,ALICANTE 42'S,38.004655,-121.736186,250,"Sacramento,Gerardo Omar Hernandez JR",MHAL42,Normal Geofence
22233107,"38 IRBY RANCH DR, Pleasanton, CA 94566, USA",MHIRH0,IRBY RANCH,37.667399,-121.864743,250,"Sacramento,Gerardo Omar Hernandez JR",MHIRH0,Normal Geofence
22233108,"6073 TREEHOUSE LN, Roseville, CA 95747, USA",MHWC00,WINDING CREEK,38.799979,-121.390771,250,"Sacramento,Jose Hermosillo",MHWC00,Normal Geofence
22233109,"3212 SUNNY GATE LN, Folsom, CA 95630, USA",MHRRSC,RUSSEL RANCH STEEL,38.636767,-121.092303,250,"Sacramento,Hector M Michel",MHRRSC,Normal Geofence
22233110,"607 ALLAMAND CT, Lincoln, CA",MHML00,MEADOWLAND,38.891565,-121.293008,250,"Sacramento,Jose Hermosillo",MHML00,Normal Geofence
22233111,"7845 JEANNIE CT, Loomis, CA 95650, USA",MCTJR0,TODD JOHNSON,38.805943,-121.15772,250,Sacramento,MCTJR0,Normal Geofence
22233113,"NOTRE DAME BLVD, Chico, CA 95928, USA",PBMPNF,NOTRE DAME FLATS,39.72285,-121.795314,250,"Sacramento,Ivan Contreras Sanchez",PBMPNF,Normal Geofence
22233114,"2265 MOZART AVE, Lathrop, CA 95330, USA",AUHA00,RIVER ISLANDS (HAVEN,37.805799,-121.33299,250,"Sacramento,Gerardo Omar Hernandez JR",AUHA00,Normal Geofence
22233115,"3175 HIGHGATE TERRAC, Folsom, CA 95630, USA",AUIR00,RR IRON RIDGE,38.635156,-121.093541,250,"Sacramento,Hector M Michel",AUIR00,Normal Geofence
22233116,"1510 ANDROMEDA WAY, Lathrop, CA 95330, USA",PHRID0,DAYBREAK,37.801277,-121.325345,250,"Sacramento,Gerardo Omar Hernandez JR",PHRID0,Normal Geofence
22233117,"1535 TUSKGEE CT, Dixon, CA 95620, USA",RAOR20,ORCHARDS II,38.436855,-121.830385,250,"Sacramento,Gael Cortez Pozos",RAOR20,Normal Geofence
22233118,"381 ROCKLIN RD, Vacaville, CA 95687, USA",RAVES0,SARATOGA,38.318125,-121.949313,250,"Sacramento,Gael Cortez Pozos",RAVES0,Normal Geofence
22233119,"10154 CORNICE WAY, Elk Grove, CA  95757, USA",RALGR0,LAGUNA RANCH,38.388892,-121.41212,250,"Sacramento,Hector M Michel",RALGR0,Normal Geofence
22233120,"701 BLAKE RD, Vacaville, CA 95687, USA",RAVDE2,CERRITO,38.319184,-121.945389,250,"Sacramento,Gael Cortez Pozos",RAVDE2,Normal Geofence
22233122,"800 RICH CIR, Vacaville, CA 95687, USA",RAVEP0,PIEDMONT,38.316502,-121.945079,250,"Sacramento,Gael Cortez Pozos",RAVEP0,Normal Geofence
22233123,"7016 DRIFTWAY LOOP, Roseville, CA",RAFS00,FIDDYMENT RANCH FS,38.752124,-121.288006,250,"Sacramento,Jose Hermosillo",RAFS00,Normal Geofence
22233124,"2340 PATRIOT DR, Lincoln, CA",RATP00,TERRA PARK,38.893987,-121.325709,250,"Sacramento,Jose Hermosillo",RATP00,Normal Geofence
22233125,"4131 AFFIRMED DR, Yuba City, CA 95961, USA",RATA00,THOROUGHBRED ACRES,39.073567,-121.560354,250,"Sacramento,Ramon Camarena",RATA00,Normal Geofence
22233126,"2167 JEWEL LAKE WAY, Plumas Lake, CA",RAROS0,SEASONS AT RIVER OAK,39.020727,-121.558018,250,"Sacramento,Ramon Camarena",RAROS0,Normal Geofence
22233127,"1280 CASTELLINA WAY, San Joquin, CA",RLOS20,OAKWOOD SHORES,37.778781,-121.287593,250,"Central Valley,Andres Rodriguez",RLOS20,Normal Geofence
22233128,"3908 FIRESTAR WAY, Sacramento,CA 95834, USA",SPEN20,ENTRADA II,38.639707,-121.514311,250,"Sacramento,Ramon Camarena",SPEN20,Normal Geofence
22233129,"3317 HACKBERRY WAY Folsom, CA",SPLG00,LEGACY,38.677959,-121.176058,250,"Sacramento,Hector M Michel",SPLG00,Normal Geofence
22233130,"3512 TOOMEY PL, Santa Clara, CA 95051, USA",SHLSES,LAWRENCE E-STATES,37.377214,-121.9932,250,Sacramento,SHLSES,Normal Geofence
22233131,"326 FRUITVALE AVE, Fairfield, CA",TMFM00,FARMSTEAD,37.772147,-122.2284,250,"Sacramento,Gael Cortez Pozos",TMFM00,Normal Geofence
22233132,"3540 FLICKER DR, Folsom, CA",TMMR20,MANGINI RANCH 2,38.677959,-121.176058,250,"Sacramento,Hector M Michel",TMMR20,Normal Geofence
22233133,"1248 Pear Tree Lane, NAPA, CA  94558, USA",TMPT00,PEAR TREE @ NAPA,38.321614,-122.290822,250,"Sacramento,Miguel Campos",TMPT00,Normal Geofence
22233134,"3092 RIDGECREST DR, Lincoln, CA 94558, USA",TMTB00,12 BRIDGES,38.84945,-121.245987,250,"Sacramento,Jose Hermosillo",TMTB00,Normal Geofence
22233135,"9244 ODYSSEY CIR, Elk Grove, CA",TMMS00,MILESTONE,38.408799,-121.371618,250,"Sacramento,Hector M Michel",TMMS00,Normal Geofence
22233136,"7511 AMONDE WAY, Elk Grove, CA",TMBV00,BRUCEVILLE MEADOWS,38.375129,-121.414061,250,"Sacramento,Hector M Michel",TMBV00,Normal Geofence
22233137,"790 HYDRANGEA DR, Vacaville, CA 95687, USA",NHBL80,BL OXFORD V8,38.346135,-121.920939,250,"Sacramento,Gael Cortez Pozos",NHBL80,Normal Geofence
22233138,"679 PERIWINKLE DR, Vacaville, CA 95687, USA",NHBLB0,BRISTOL,38.346395,-121.921372,250,"Sacramento,Gael Cortez Pozos",NHBLB0,Normal Geofence
22233139,"401 YARROW DR, Vacaville, CA 95687, USA",NHBLS0,SHEFFIELD,38.346963,-121.929708,250,"Sacramento,Gael Cortez Pozos",NHBLS0,Normal Geofence
22233140,"14925 RUSTIC RIDGE C, Folsom, CA 95630, USA",NHGH00,GOLD HILL,38.640294,-121.092575,250,"Sacramento,Hector M Michel",NHGH00,Normal Geofence
22233141,"860 CLEMENTINE DR, Rocklin, CA 95765, USA",NHPV00,PARK VIEW,38.82948,-121.265208,250,"Sacramento,Jose Hermosillo",NHPV00,Normal Geofence
22233142,"4475 Business Center Drive, Fairoaks, CA 94534, USA",AGGV20,GREEN VALLEY II APT,38.224843,-122.132759,250,"Sacramento,Robert Wayne Condon",AGGV20,Normal Geofence
22233143,"7409 MALAKI CIR, Roseville, CA",TWFR00,FIDDYMENT FARMS,38.752124,-121.288006,250,"Sacramento,Jose Hermosillo",TWFR00,Normal Geofence
22233144,"8150 Tesoro Place, Granite Bay, CA",TMBCOL,COLINAS ESTATES,38.763235,-121.163836,250,Sacramento,TMBCOL,Normal Geofence
22233145,"4213 GRAND ELM ST, Rocklin, CA 95765, USA",TBOC00,OAKCREST,38.836578,-121.249095,250,"Sacramento,Jose Hermosillo",TBOC00,Normal Geofence
22233146,"4017 WHITNEY VISTA L, Rocklin, CA 95677, USA",TBSL00,LOS CERROS,38.811533,-121.231832,250,"Sacramento,Jose Hermosillo",TBSL00,Normal Geofence
22233147,"1684 SCARLET ASH AVE, Sacramneto, CA 95834, USA",TPNME0,NATOMAS MEADOWS,38.65359,-121.49417,250,"Sacramento,Ramon Camarena",TPNME0,Normal Geofence
22233149,"2008 MILKY WAY CIR, Roseville, CA",TPSRI0,SOLAIRE ILLUMINATION,38.679186,-121.246284,250,"Sacramento,Jose Hermosillo",TPSRI0,Normal Geofence
22233150,"14 LINNEA CT, Elk Grove, CA 95758, USA",KSSL00,SILVER LEAF,38.449141,-121.412265,250,"Sacramento,Hector M Michel",KSSL00,Normal Geofence
22233151,"2781 RIO GRANDE DR, Tracy, CA 95377, USA",WSEB00,BERKSHIRE,37.697601,-121.468831,250,"Central Valley,Andres Rodriguez",WSEB00,Normal Geofence
22233152,"3129 SOFIA DR, Lincoln, CA 95648, USA",WSPT00,PIAMONTE,38.84549,-121.251643,250,"Sacramento,Jose Hermosillo",WSPT00,Normal Geofence
22233153,"3190 SOFIA DR, Lincoln, CA 95648, USA",WSTT00,TIAMONTE,38.84549,-121.251643,250,"Sacramento,Jose Hermosillo",WSTT00,Normal Geofence
22233155,"644 BARTONVILLE RD, Lincoln, CA 95648, USA",WSTBB0,BOLERO,38.858833,-121.290568,250,"Sacramento,Jose Hermosillo",WSTBB0,Normal Geofence
22233156,"1500 CHARMACK CT, Woodland, Ca",WSPN00,THE PINES,41.603221,-73.087749,250,"Sacramento,Ramon Camarena",WSPN00,Normal Geofence
22233158,"8386 APOTHIC WAY, Elk Grove, Ca 95829, USA",WSGV00,GLENDON VINEYARDS,38.453643,-121.365322,250,"Sacramento,Hector M Michel",WSGV00,Normal Geofence
22233159,"2589 NORTHINGTON DR, Tracy, CA 95377, USA",WSEZ00,ZEPHYR,37.696395,-121.461857,250,"Central Valley,Andres Rodriguez",WSEZ00,Normal Geofence
22604257,"8995 Boomtown Garson Road, Verdi, NV 89439, USA",SRBT00,Boomtown,39.515862,-119.974043,250,"Reno,Christopher D Bullard",SRBT00,Normal Geofence
22630615,"https://www.google.com/maps/place/N+Fowler+Ave+%26+E+Clinton+Ave,+Fresno,+CA+93727/@36.7718914,-119.7184697,13z/data=!4m5!3m4!1s0x80945945b1a376c7:0x509a6eebf35b73ac!8m2!3d36.7721149!4d-119.6823135?hl=en&authuser=0					",CCMW20,Meadowod II,36.830554,-119.682099,250,"Central Valley,Julio Contreras",CCMW20,Normal Geofence
22630670,"https://www.google.com/maps/place/Fowler,+CA+93625/@36.6220238,-119.7062362,13z/data=!3m1!4b1!4m5!3m4!1s0x8094f4933ed235eb:0x77d76fbf3ced8c90!8m2!3d36.6305058!4d-119.6784697?hl=en					",WSSSC0,Somerset Crossing,36.630506,-119.67847,250,"Central Valley,Julio Garcia",WSSSC0,Normal Geofence
22630774,"https://www.google.com/maps/place/N+Armstrong+Ave+%26+E+Adams+Ave,+Fowler,+CA+93625/@36.634507,-119.6754762,17z/data=!3m1!4b1!4m5!3m4!1s0x8094f6b5f9ad3ae7:0xc2f8e94e26294ab8!8m2!3d36.6345027!4d-119.6732875?hl=en&authuser=0					",KBME00,Marshall Estates,36.636075,-119.673284,250,"Central Valley,Julio Garcia",KBME00 Marshall Estates,Normal Geofence
22713007,"2220 Cemo Cir, Gold River, CA 95670, USA",UPAA00,AURORA APARTMENTS,38.62094,-121.265758,250,"Sacramento,Robert Wayne Condon",UPAA00,Normal Geofence
22715847,"https://www.google.com/maps/place/N+Pasadena+Ave+%26+Pecan+Ave,+Waterford,+CA+95386/@37.6409151,-120.7726897,17z/data=!3m1!4b1!4m5!3m4!1s0x809102706c1c9dbb:0xc7d9505f49de1dcd!8m2!3d37.6409109!4d-120.770501?hl=en&authuser=0					",DREW00,Edgewater,37.641456,-120.77336,250,"Central Valley,Andres Rodriguez",DREW00,Normal Geofence
23127942,"4009 Hearst Castle Way, Rancho Cordova, CA 95742, USA",WSCM00,Woodside Magnolia,38.557361,-121.19554,250,"Sacramento,Hector M Michel",WSCM00,Normal Geofence
23201475,"9005 Boomtown Garson Road, Reno, NV 89523, USA",SRBT95,,39.515671,-119.973974,250,"Reno,Christopher D Bullard",SRBT95,Normal Geofence
23204255,"Sunbelt Way, Roseville, CA 95747, USA",TPSRR0,SOLAIRE RADIANCE,38.769396,-121.395166,250,"Sacramento,Jose Hermosillo",TPSRR0,Normal Geofence
23227632,"Greyhawk Dr & Eureka Rd, Granite Bay, CA 95746, USA",NHEGC0,GROVE COTTAGES,38.736628,-121.21999,250,"Sacramento,Jose Hermosillo",NHEGC0 GROVE COTTGES,Normal Geofence
23227754,"Greyhawk Dr & Eureka Rd, Granite Bay, CA 95746, USA",NHEGR0,GROVE RESIDENCE,38.736628,-121.21999,250,"Sacramento,Jose Hermosillo",NHEGR0 GROVE RESIDENCE,Normal Geofence
23239133,"36.731139,-120.046940",CC6302,TRACT 6302,36.731139,-120.04694,250,"Central Valley,Silvano Sanchez",CC6302,Normal Geofence
23240408,"S Buttonwillow Ave & E Duff Ave, Reedley, CA 93654, USA",CCBV00,,36.593279,-119.430908,250,"Central Valley,Julio Garcia",CCBV00,Normal Geofence
23241281,"36.356381,-119.305743",WSHP00,HIGLAND PARK,36.356381,-119.305743,250,"Central Valley,Silvano Sanchez",WSHP00,Normal Geofence
23275948,"8000 Folsom Blvd, Sacramento, CA 95826, USA",HD,#6620,38.548808,-121.411478,250,Sacramento,HD #6620,Normal Geofence
23276051,"2000 Howe Ave, Sacramento, CA 95825, USA",HD,#6966,38.602351,-121.415357,250,Sacramento,HD #6966,Normal Geofence
23276061,"4641 Florin Rd, Sacramento, CA 95823, USA",HD,#651,38.497632,-121.452521,250,Sacramento,HD #651,Normal Geofence
23276069,"3611 Truxel Rd, Sacramento, CA 95834, USA",HD,#6649,38.632946,-121.505896,250,Sacramento,HD #6649,Normal Geofence
23276077,"690 Riverpoint Ct, West Sacramento, CA 95605, USA",HD,#1846,38.589326,-121.546742,250,Sacramento,HD #1846,Normal Geofence
23276098,"1461 Meadowview Rd, Sacramento, CA 95832, USA",HD,#1003,38.481353,-121.50277,250,Sacramento,HD #1003,Normal Geofence
23276104,"9150 W Stockton Blvd, Elk Grove, CA 95758, USA",HD,#6674,38.424976,-121.402415,250,Sacramento,HD #6674,Normal Geofence
23276120,"4550 Roseville Rd, North Highlands, CA 95660, USA",WC,#020,38.650189,-121.391191,250,Sacramento,WC #020,Normal Geofence
23276256,"1001 Fee Dr, Sacramento, CA 95815, USA",WC,#034,38.60078,-121.443564,250,Sacramento,WC #034,Normal Geofence
23276334,"801 Striker Ave, Sacramento, CA 95834, USA",SOUTHERN,CARLSON,38.651618,-121.479647,250,Sacramento,SOUTHERN CARLSON,Normal Geofence
23276752,"Summit Ridge Ct, Reno, NV 89523, USA",HD,#3311,39.520611,-119.863758,250,Reno,HD #3311,Normal Geofence
23276769,"2955 Northtowne Ln, Reno, NV 89512, USA",HD,#3304,39.556235,-119.782049,250,Reno,HD #3304,Normal Geofence
23276783,"6590 S Virginia St, Reno, NV 89511, USA",HD,# 3310,39.466536,-119.78243,250,Reno,HD #3310,Normal Geofence
23276790,"1001 Steamboat Pkwy, Reno, NV 89521, USA",HD,#8560,39.425022,-119.740576,250,Reno,HD #8560,Normal Geofence
23276798,"4655 Galleria Pkwy, Sparks, NV 89436, USA",HD,#3313,39.578,-119.742423,250,Reno,HD #3313,Normal Geofence
23276808,"3185 Market St, Carson City, NV 89706, USA",HD,#3309,39.187391,-119.757612,250,Reno,HD #3309,Normal Geofence
23276816,"1830 E Lincoln Way, Sparks, NV 89434, USA",WC,#040,39.534037,-119.713004,250,Reno,WC #040,Normal Geofence
23277139,"5075 Kietzke Ln, Reno, NV 89509, USA",LWS,#0321,39.476078,-119.793545,250,Reno,LWS #0321,Normal Geofence
23277735,"2250 Lake Washington Blvd, West Sacramento, CA 95691, USA",LWS,#2755,38.555096,-121.538473,250,Sacramento,LWS #2755,Normal Geofence
23277970,"8369 Power Inn Rd, Elk Grove, CA 95624, USA",LWS,#1148,38.453586,-121.403633,250,Sacramento,LWS #1148,Normal Geofence
23278046,"3251 Zinfandel Dr, Rancho Cordova, CA 95670, USA",LWS,#2341,38.583598,-121.283595,250,Sacramento,LWS #2341,Normal Geofence
23278107,"7840 Greenback Ln, Citrus Heights, CA 95610, USA",LWS,#1540,38.678339,-121.273201,250,Sacramento,LWS #1540,Normal Geofence
23278157,"1735 CA-140, Merced, CA 95341, USA",HD,#6618,37.304139,-120.506464,250,Central Valley,HD #6618,Normal Geofence
23278172,"1750 W Olive Ave, Merced, CA 95348, USA",LWS,#1672,37.318739,-120.497432,250,Central Valley,LWS #1672,Normal Geofence
23291384,"https://www.google.com/maps/place/Windmill+Farms+Pkwy,+Sparks,+NV/@39.6090225,-119.7255561,17z/data=!3m1!4b1!4m5!3m4!1s0x809939c73cf5e51f:0xc3df3629419bd1ee!8m2!3d39.6090184!4d-119.7233674?hl=en&authuser=0					",DRSD30,SILVER DOLLAR AREA 3,38.652553,-120.874031,250,"Reno,Joaquin Gonzalez-Cruz",DRSD30,Normal Geofence
23291783,"Harbison Dr & Ulatis Dr, Vacaville, CA 95687, USA",CVHA00,Harbison Apartments,38.357411,-121.96239,250,"Sacramento,Gael Cortez Pozos",CVHA,Normal Geofence
23292052,"https://www.google.com/maps/place/Alfalfa+St+%26+George+Ln,+Dixon,+CA+95620/@38.4385989,-121.8514736,299m/data=!3m2!1e3!4b1!4m5!3m4!1s0x8085250735bad441:0x6ee6f6822ac294d8!8m2!3d38.4385967!4d-121.8503445					",RAMG00,MIDWAY GROVE,38.438075,-121.84573,250,"Sacramento,Gael Cortez Pozos",RAMG00,Normal Geofence
23292299,"Modesto, CA 95355, USA",DRVE00,VILLA D'ESTE,37.68193,-120.93912,250,"Central Valley,Andres Rodriguez",DRVE00,Normal Geofence
23292503,"E 20th St & Market Pl, Chico, CA 95928, USA",PBMPBC,BUNGALOW COMMONS,39.727343,-121.794272,250,"Sacramento,Ivan Contreras Sanchez",PBMPBC,Normal Geofence
23292528,"3414 W. Milan Ave, Visalia, CA 93277",SUSHS0,SOUTHERN HIGHLANDS,36.291006,-119.327935,250,"Central Valley,Julio Garcia",SUSHS0,Normal Geofence
23292540,"https://www.google.com/maps/place/Whitney+Oaks+Dr+%26+Whitney+Ranch+Pkwy,+Rocklin,+CA+95765/@38.8391325,-121.2492763,17z/data=!3m1!4b1!4m5!3m4!1s0x809b188e3db51ca7:0xb5cea76ae03d4ac9!8m2!3d38.8391325!4d-121.2470876					",KVCS00,CREEKSIDE,38.838212,-121.280629,250,"Sacramento,Jose Hermosillo",KVCS00,Normal Geofence
23292957,"https://www.google.com/maps/search/douglas+rd.+%26+grantline+rd.,+Mackerricher+Way,+Rancho+Cordova,+CA/@38.5577448,-121.1923267,17z?hl=en					",WSCAC0,WOODSIDE ACACIA,38.542981,-121.187202,250,"Sacramento,Hector M Michel",WSCAC0,Normal Geofence
23313523,"4200 Bangs Ave, Modesto, CA 95356, USA",SOUTHERN,CARLSON,37.704073,-121.07234,250,Central Valley,SOUTHERN CARLSON,Normal Geofence
23313530,"3287 Monier Cir, Rancho Cordova, CA 95742, USA",SOUTHERN,CARLSON,38.583404,-121.261334,250,Sacramento,SOUTHERN CARLSON,Normal Geofence
23313568,"4864 E Kings Canyon Rd, Fresno, CA 93727, USA",HD,#1086,36.733885,-119.733129,250,Central Valley,HD #1086,Normal Geofence
23313569,"4864 E Kings Canyon Rd, Fresno, CA 93727, USA",HD,#1086,36.733885,-119.733129,250,Central Valley,HD #1086,Normal Geofence
23313622,"7150 N Abby St, Fresno, CA 93720, USA",HD,#1014,36.840657,-119.786265,250,Central Valley,HD #1014,Normal Geofence
23313631,"3272 W Shaw Ave, Fresno, CA 93711, USA",HD,#663,36.809753,-119.850482,250,Central Valley,HD #663,Normal Geofence
23313910,"Home Depot, 845 W Shaw Ave, Clovis, CA 93612, USA",HD,#664,36.810491,-119.728307,250,Central Valley,HD #664,Normal Geofence
23313927,"3175 S Highland Ave, Selma, CA 93662, USA",HD,#8529,36.578542,-119.628822,250,Central Valley,HD #8529,Normal Geofence
23313944,"7651 N Blackstone Ave, Fresno, CA 93720, USA",LWS,#0759,36.84707,-119.794171,250,Central Valley,LWS #0759,Normal Geofence
23314030,"875 Shaw Ave, Clovis, CA 93612, USA",LWS,#1541,36.8106,-119.698754,250,Central Valley,LWS #1541,Normal Geofence
23314073,"5780 E Shields Ave, Fresno, CA 93727, USA",WC,#025,36.778926,-119.692783,250,Central Valley,WC #025,Normal Geofence
23314079,"200 Park Creek Dr, Clovis, CA 93611, USA",CONSTAR,SUPPLY,36.840158,-119.708879,250,Central Valley,CONSTAR SUPPLY,Normal Geofence
23314092,"3565 Landco Dr, Bakersfield, CA 93308, USA",CONSTAR,SUPPLY,35.393161,-119.059584,250,Central Valley,CONSTAR SUPPLY,Normal Geofence
23314128,"4936 E Pontiac Way, Fresno, CA 93727, USA",SOUTHERN,CARLSON,36.788929,-119.730343,250,Central Valley,SOUTHERN CARLSON,Normal Geofence
23314384,"3500 S Demaree St, Visalia, CA 93277, USA",HD,#6615,36.299723,-119.32951,250,Central Valley,HD #6615,Normal Geofence
23314548,"4144 S Mooney Blvd, Visalia, CA 93277, USA",LWS,#1611,36.293462,-119.313113,250,Central Valley,LWS #1611,Normal Geofence
23314559,"3020 N Demaree St, Visalia, CA 93291, USA",LWS,#2660,36.357636,-119.329723,250,Central Valley,LWS #2660,Normal Geofence
23333103,"Chalice Creek Rd & Feather Ridge Drive , CA 95961",DRDPL0,DIAMONTE,38.977861,-121.539558,250,"Sacramento,Jose Hermosillo",DRDPL0 DIAMONTE,Normal Geofence
23343974,"Indian Hills, NV, USA",KDVKR0,VALLEY KNOLLS,39.08602,-119.784069,250,"Reno,Joaquin Gonzalez-Cruz",KDVKR0 VALLEY KNOLLS,Normal Geofence
23461827,"Bellevue Rd & M St, Merced, CA 95348, USA",DRMR30,MONTERA111,37.361108,-120.477166,250,"Central Valley,Silvano Sanchez",DRMR30 MONTERA111,Normal Geofence
23461884,"E Hatch Rd & Euclid Ave, Hughson, CA 95326, USA",KBFD00,FIELDSTONE (EUCLID),37.607578,-120.853899,250,"Central Valley,Andres Rodriguez",KBFD00 FIELDSTONE(EUCLID),Normal Geofence
23462809,"6245 N Polk Ave, Fresno, CA 93722",BOPP00,EL PASEO PARK PLACE (6280),36.825685,-119.889824,250,"Central Valley,Julio Contreras",BOPP00 EL PASEO PARK PLACE (6280),Normal Geofence
23463233,"N Bryan Ave & W Acacia Ave, Fresno, CA 93723, USA",CCMP00,MARKET PLACE,36.803659,-119.907454,250,"Central Valley,Julio Contreras",CCMP00 MARKET PLACE,Normal Geofence
23463250,"N Fowler Ave & E Clinton Ave, Fresno, CA 93727, USA",CCMW20,MEADOWWOOD11,36.772115,-119.682314,250,"Central Valley,Julio Contreras",CCMW20 MEADOWWOOD11,Normal Geofence
23464914,"E Clinton Ave & N Armstrong Ave, McLane, CA 93727, USA",CCOW00,OLIVEWOOD,36.772123,-119.673185,250,"Central Valley,Julio Contreras",CCOW00 OLIVEWOOD,Normal Geofence
23464930,"CA-41 & Ave 12, California 93636, USA",LERSS0,RIVERSTONE SKYE,36.923276,-119.794061,250,"Central Valley,Julio Contreras",LERSS0 RIVERSTONE SKYE,Normal Geofence
23465012,"N Fowler Ave & E Clinton Ave, Fresno, CA 93727, USA",WSBR60,BROOKLYN 60'S,36.772115,-119.682314,250,"Central Valley,Julio Contreras",WSBR60 BROOKLYN 60'S,Normal Geofence
23465114,"803 Wishon Ave W, Madera, CA 93636, USA",BORH00,RIVERSTONE HARVEST,36.922673,-119.807953,250,"Central Valley,Julio Contreras",BORH00 RIVERSTONE HARVEST,Normal Geofence
23465121,"370 Lodge Road South, Madera, CA 93636, USA",WSRS00,RIVERSTONE,36.923101,-119.799553,250,"Central Valley,Julio Contreras",WSRS00 RIVERSTONE,Normal Geofence
23466098,"10th Ave & Harold St, Kingsburg, CA 93631, USA",CCMN00,MONARCH,36.526997,-119.556846,250,"Central Valley,Julio Garcia",CCMN00 MONARCH,Normal Geofence
23466746,"419 W Murray Ave, Visalia, CA 93291, USA",DRCC00,CHERRY CREEK,36.333542,-119.296401,250,"Central Valley,Julio Garcia",DRCC00 CHERRY CREEK,Normal Geofence
23466817,"N Mooney Blvd & Seminole Ave, Tulare, CA 93274, USA",DROCC0,OAK CREEK,36.218564,-119.312927,250,"Central Valley,Julio Garcia",DROCC0 OAK CREEK,Normal Geofence
23466833,"S Reed Ave & W Aspen Dr, Reedley, CA 93654",DRRI00,RIVERPOINTE,36.61334,-119.457676,250,"Central Valley,Julio Garcia",DRRI00 RIVERPOINTE,Normal Geofence
23466894,"E South Ave & S Sunnyside Ave, Fowler, CA 93625, USA",KVSY20,ASPIRE @ SUNNYSIDE11,36.619976,-119.691242,250,"Central Valley,Julio Garcia",KVSY20 ASPIRE @ SUNNISIDE11,Normal Geofence
23496744,"N Polk Ave & W Olive Ave, West Side, CA 93711",LECH20,CHATEAU-HEIRLOOM,36.757258,-119.889247,250,"Central Valley,Julio Garcia",LECH20 CHATEAU-HEIRLOOM,Normal Geofence
23497965,"E Church Ave & S Fowler Ave, Fresno, CA 93727, USA",LECOHR,HEIRLOOM CORONET,36.714898,-119.682151,250,"Central Valley,Julio Garcia",LECOHR HEIRLOOM CORONET,Normal Geofence
23498891,"E Tulare Ave & Morrison St, Tulare, CA 93274, USA",WSCH00,COPPER HEIGHTS 50S'S & 60'S,36.211036,-119.303354,250,"Central Valley,Julio Garcia",WSCH00 COPPER HEIGHTS 50S'S & 60'S,Normal Geofence
23501011,"6309 Thorton Ave, Bakersfield, CA 93313",DRSVT4,SERA VISTA PHASE 4,35.271051,-119.072379,250,"Central Valley,Julio Garcia",DRSVT4 SERA VISTA PHASE 4,Normal Geofence
23501530,"Mountain Vista Dr & Berkshire Rd, Bakersfield, CA 93311, USA",KVSR00,SENDERO RANCH,35.289009,-119.118775,250,"Central Valley,Julio Garcia",KVSR00 SENDERO RANCH,Normal Geofence
23502059,"Rd 22 1/2 & Cleveland Ave, California 93637",KBFLV0,FIELDING VILLAS (SANTA FE 50'S),36.974651,-120.137878,250,"Central Valley,Albert Sanchotena",KBFLV0 FIELDING VILLAS (SANTA FE 50'S),Normal Geofence
23503002,"24089 Cleveland Ave, Madera, CA 93637, USA",KVAR20,ASPIRE RIVERBEND11,36.97462,-120.105142,250,"Central Valley,Albert Sanchotena",KVAR20 ASPIRE RIVERBEND11,Normal Geofence
23503027,"Center Ave & Pioneer Rd, California 93635, USA",UCTV00,THE VILLAS,37.042364,-120.85378,250,"Central Valley,Albert Sanchotena",UCTV00 THE VILLAS,Normal Geofence
23518929,"Delta River Ave, Stockton, CA 95206, USA",KVRTA2,RIVER TERRACE ASPIRE 2,37.93184,-121.306212,250,"Sacramento,Anthony Shaffer",KVRTA2 RIVER TERRACE ASPIRE 2,Normal Geofence
23519260,"Castle View Ln, Winters, CA 95694, USA",KVSTA0,STONE THROW ASPIRE,38.531225,-121.98961,250,"Sacramento,Gael Cortez Pozos",KVSTA0 STONE THROW ASPIRE,Normal Geofence
23519284,"Marshall Rd & Leisure Town Rd, California 95687, USA",MHBL55,BRIGHTON LANDING 55'S,38.343085,-121.93378,250,"Sacramento,Gael Cortez Pozos",MHBL55 BRIGHTON LANDING 55'S,Normal Geofence
23519546,"172 Wisteria Cir, Vacaville, CA 95687, USA",NHBLP0,BIGHTON LANDING VILLAGE 10 (PRESTON),38.349961,-121.923457,250,"Sacramento,Gael Cortez Pozos",NHBLP0 BIGHTON LANDING VILLAGE 10 (PRESTON),Normal Geofence
23521247,"Air Base Pkwy & Clay Bank Rd, Fairfield, CA 94533, USA",TPVM00,VILLAGES MARIGOLD,38.272734,-122.006568,250,"Sacramento,Gael Cortez Pozos",TPVM00 VILLAGES MARIGOLD,Normal Geofence
23521258,"E Louise Ave & Cottage Ave, Manteca, CA 95336, USA",AUTF00,TURNLEAF (SHADOWBROOK),37.815933,-121.205169,250,"Sacramento,Gerardo Omar Hernandez JR",AUTF00 TURNLEAF (SHADOWBROOK),Normal Geofence
23521479,"Holman Rd & Lieutenant Colonel Mark Taylor St, Stockton, CA 95212",KBMV20,MONTEVELLO 2,38.048307,-121.27265,250,"Sacramento,Gerardo Omar Hernandez JR",KBMV20 MONTEVELLO 2,Normal Geofence
23521820,"Volpaia Pl, Manteca, CA 95337, USA",RLOS03,OAKWOOD SHORES,37.778822,-121.291842,250,"Sacramento,Gerardo Omar Hernandez JR",RLOS03 OAKWOOD SHORES,Normal Geofence
23521849,"S Lammers Rd & Valpico Rd, California 95377, USA",WSES00,ELLIS STANFORD,37.710499,-121.476531,250,"Sacramento,Gerardo Omar Hernandez JR",WSES00 ELLIS STANFORD,Normal Geofence
23521874,"E Bidwell St & Alder Creek Pkwy, Folsom, CA 95630, USA",KBEN00,ENCLAVE,38.630784,-121.106235,446,"Sacramento,Hector M Michel",KBEN00 ENCLAVE,Normal Geofence
23522009,"E Bidwell St & White Rock Rd, Folsom, CA 95630, USA",KBFRS0,FOLSOM RANCH SOLEIL,38.622071,-121.114087,250,"Sacramento,Hector M Michel",KBFRS0 FOLSOM RANCH SOLEIL,Normal Geofence
23522020,"Rancho Murieta, CA, USA",KVMG00,MURIETA GARDENS,38.501853,-121.094667,250,"Sacramento,Hector M Michel",KVMG00 MURIETA GARDENS,Normal Geofence
23522034,"Placerville Rd & Alder Creek Pkwy, Folsom, CA 95630, USA",NHSC00,RUSSELL RANCH SILVER CREST,38.637676,-121.104022,250,"Sacramento,Hector M Michel",NHSC00 RUSSELL RANCH SILVER CREST,Normal Geofence
23541226,"https://www.google.com/maps/place/Rd+22+1%2F2+%26+Cleveland+Ave,+California+93637/@36.9746544,-120.1394297,17z/data=!3m1!4b1!4m5!3m4!1s0x809409f512470d3d:0x78b5941205c7c147!8m2!3d36.9746514!4d-120.1378783?hl=en&authuser=0					",KVFLCO,Fielding Cottages( Santa Fe 40's),36.97462,-120.105481,250,"Central Valley,Silvano Sanchez",KVFLCO,Normal Geofence
23556964,"Kammerer Rd & Lent Ranch Pkwy, Elk Grove, CA 95757, USA",RASM00,STERLIN MEADOWS SEASON,38.372797,-121.371756,250,"Sacramento,Hector M Michel",RASM00 STERLIN MEADOWS SEASON,Normal Geofence
23557000,"Poppy Ridge Rd, Elk Grove, CA 95757, USA",TLPL00,POPPY LANE,38.390979,-121.395086,250,"Sacramento,Hector M Michel",TLPL00 POPPY LANE,Normal Geofence
23557088,"douglas rd. & grantline rd., Mackerricher Way, Rancho Cordova, CA",WSCC00,CYPRESS COTTONWOOD,38.558287,-121.194708,250,"Sacramento,Hector M Michel",WSCC00 CYPRESS COTTONWOOD,Normal Geofence
23557143,"Bass Lake Rd, Rescue, CA, USA",WSSC00,SERRANO COLLINA,38.695167,-121.008022,250,"Sacramento,Hector M Michel",WSSC00 SERRANO COLLINA,Normal Geofence
23557228,"Torrano Ave & Dollar St, Hayward, CA 94544, USA",MHMC00,MISSION CROSSING,37.655492,-122.07186,250,"Sacramento,Ivan Contreras Sanchez",MHMC00 MISSION CROSSING,Normal Geofence
23557247,"Auburn Folsom Rd & Eureka Rd, Granite Bay, CA 95746, USA",BMCN00,CARNELIAN,38.736139,-121.170532,250,"Sacramento,Jose Hermosillo",BMCN00 CARNELIAN,Normal Geofence
23557318,"Cumberland Dr & Pruett Dr, Roseville, CA 95747, USA",DRBB00,BALBOA,38.796638,-121.368824,250,"Sacramento,Hector M Michel",DRBB00 BALBOA,Normal Geofence
23557341,"Groveland Ln & Joiner Pkwy, Lincoln, CA 95648, USA",DRCRR0,CERRADA,38.876272,-121.305887,250,"Sacramento,Jose Hermosillo",DRCRR0 CERRADA,Normal Geofence
23557792,"5th St & Chambers Dr, Lincoln, CA 95648",DRIPH0,INDEPENDENCE HEARTLAND,38.892567,-121.291927,250,"Sacramento,Jose Hermosillo",DRIPH0 INDEPENDENCE HEARTLAND,Normal Geofence
23558767,"Blue Oaks Blvd & Westbrook Blvd, Westpark, CA 95747, USA",DRWC00,WINDING CREEK THE WILDS,38.79761,-121.390332,250,"Sacramento,Jose Hermosillo",DRWC00 WINDING CREEK THE WILDS,Normal Geofence
23558866,"Freeman Ln & Picadilly Ln, Grass Valley, CA 95949, USA",HBTR00,BERRIMANRANCH,39.197546,-121.064179,250,"Sacramento,Jose Hermosillo",HBTR00 BERRIMANRANCH,Normal Geofence
23559977,"4555 PFE Rd, Roseville, CA 95747, USA",HTMP00,MARIPOSA,38.731037,-121.367522,250,"Sacramento,Jose Hermosillo",HTMP00 MARIPOSA,Normal Geofence
23560924,"Holt Pkwy & Pruett Dr, Roseville, CA 95747",JMFD50,FIDDYMENT 10B 50'S,38.800463,-121.367876,250,"Sacramento,Jose Hermosillo",JMFD50 FIDDYMENT 10B 50'S,Normal Geofence
23561581,"Upland Dr, Roseville, CA 95747",JMSV00,SIERRA VISTAJM-02,38.761508,-121.364836,250,"Sacramento,Jose Hermosillo",JMSV00 SIERRA VISTAJM-02,Normal Geofence
23563002,"Sunrise Blvd & Arcadia Dr, Citrus Heights, CA 95610",KBMVC0,MITCHELL VILLAGE CANYON,38.68134,-121.271496,250,"Sacramento,Jose Hermosillo",KBMVC0 MITCHELL VILLAGE CANYON,Normal Geofence
23565526,"Bella Breeze Dr, Lincoln, CA 95648",KVDTB0,TWELVE BRIDGES DORADO,38.855898,-121.290718,250,"Sacramento,Jose Hermosillo",KVDTB0 TWELVE BRIDGES DORADO,Normal Geofence
23565729,"12th St & East Ave, Lincoln, CA 95648",MHML60,MEADOWLANDS 60'S,38.901027,-121.284185,250,"Sacramento,Jose Hermosillo",MHML60 MEADOWLANDS 60'S,Normal Geofence
23565864,"Chalice Creek Rd & Feather Ridge Dr, California 95961",MHROC0,RIVER OAK CROSSWIND,38.977861,-121.539558,250,"Sacramento,Ramon Camarena",MHROC0 RIVER OAK CROSSWIND,Normal Geofence
23565915,"WestBrook Boulevard, Roseville, CA",MHSM20,SUMMT II,38.781881,-121.386531,250,"Sacramento,Jose Hermosillo",MHSM20 SUMMT II,Normal Geofence
23566153,"W Oaks Blvd & Holly Dr, Rocklin, CA 95765, USA",NHWR70,7000'S AT WHITNEY RANCH,38.824505,-121.269177,250,"Sacramento,Jose Hermosillo",NHWR70 7000'S AT WHITNEY RANCH,Normal Geofence
23566213,"Greyhawk Dr & Eureka Rd, Granite Bay, CA 95746, USA",NHREG0,EUREKA GROVE THE RESIDENCE,38.736628,-121.21999,250,"Sacramento,Jose Hermosillo",NHREG0 EUREKA GROVE THE RESIDENCE,Normal Geofence
23566426,"Leavell Ln, Lincoln, CA 95648, USA",TMTCE0,TURKEY CREEK ESPLANADE,38.892027,-121.273182,250,"Sacramento,Jose Hermosillo",TMTCE0 TURKEY CREEK ESPLANADE,Normal Geofence
23566548,"1323 Hidden Creek Way, Plumas Lake, CA 95961, USA",CVHWE0,WATER'S EDGE,39.008174,-121.549762,250,"Sacramento,Ramon Camarena",CVHWE0 WATER'S EDGE,Normal Geofence
23566577,"Bridgeford Dr & Cattle Dr, Sacramento, CA 95834, USA",DRCT00,CASTILE AT PARKERBRIDGE,38.634322,-121.490935,250,"Sacramento,Ramon Camarena",DRCT00 CASTILE AT PARKERBRIDGE,Normal Geofence
23566646,"Gateway Park Blvd & Terracina Dr, Sacramento, CA 95834, USA",DRNB00,BLOOM,38.652362,-121.502645,250,"Sacramento,Ramon Camarena",DRNB00 BLOOM,Normal Geofence
23566657,"Fong Ranch Rd, Sacramento, CA 95834, USA",DRRV00,RAVENNNA,38.630508,-121.493415,250,"Sacramento,Ramon Camarena",DRRV00 RAVENNNA,Normal Geofence
23566745,"Tinker Creek Way & Niles Canyon Ln, Chico, CA 95973, USA",DYMB00,MEADOW BROOK,39.771867,-121.894169,250,"Sacramento,Ramon Camarena",DYMB00 MEADOW BROOK,Normal Geofence
23566772,"Degarmo Dr & Esplanade, Chico, CA 95973, USA",DYMN00,MONTECITO,39.776504,-121.881196,250,"Sacramento,Ramon Camarena",DYMN00 MONTECITO,Normal Geofence
23566796,"Husted Lateral Rd & Husted Rd, Williams, CA 95987, USA",LHCS00,CROSSING,39.148627,-122.132657,250,"Sacramento,Ramon Camarena",LHCS00 CROSSING,Normal Geofence
23566892,"River Oaks Blvd & Cimarron Dr, California 95961, USA",LHWC00,WILLOW CREEK,38.993065,-121.548904,250,"Sacramento,Ramon Camarena",LHWC00 WILLOW CREEK,Normal Geofence
23566972,"N Park Dr & E Commerce Way, Sacramento,(NATOMAS)  CA 95835, USA",NHNAS0,NUVO ARTISAN SQUARE NATOMAS,38.664358,-121.533759,250,"Sacramento,Ramon Camarena",NHNAS0 NUVO ARTISAN SQUARE NATOMAS,Normal Geofence
23567490,"Parkland Ave & E Heritage Pkwy, Woodland, CA 95776",TMSL00,SPRING LAKE,38.648639,-121.744007,250,"Sacramento,Ramon Camarena",TMSL00 SPRING LAKE,Normal Geofence
23567511,"W Sierra Ave & Valparaiso Ave, Cotati, CA 94931, USA",RAKP00,KESSING RANCH PRESERVE,38.3205,-122.703516,250,"Sacramento,Robert David Mann",RAKP00 KESSING RANCH PRESERVE,Normal Geofence
23567735,"313 High St, Roseville, CA 95678, USA",RKBGC0,BOYS & GIRLS CLUB,38.750023,-121.288676,250,"Sacramento,Robert David Mann",RKBGC0 BOYS & GIRLS CLUB,Normal Geofence
23568380,"W El Camino Ave & Orchard Ln, Sacramento, CA 95833, USA",ADTC00,THE CORE,38.614096,-121.5301,250,"Sacramento,Anthony Shaffer,Forrest George Mccurdy",ADTC00 THE CORE,Normal Geofence
23572052,"Ave 12 & Riverstone Blvd, California 93636, USA",LEMSK0,MORAGA SKYE,36.923214,-119.807479,250,"Central Valley,Andres Rodriguez",LEMSK0 MORAGA SKYE,Normal Geofence
23573379,"12th Ave & Houston Ave, California 93230, USA",SJSO00,STERLING OAKS,36.300439,-119.666272,250,"Central Valley,Julio Garcia",SJSO00 STERLING OAKS,Normal Geofence
23573439,"Sangiovese St, Hanford, CA 93230, USA",SJBV20,BELLA VISTA II,36.351831,-119.680126,250,"Central Valley,Julio Garcia",SJBV20 BELLA VISTA II,Normal Geofence
23586907,"1681 E Duff Ave, Reedley, CA 93654, USA",CC6229,TRACT 6229 RANCHO VISTA,36.59305,-119.431241,250,"Central Valley,Silvano Sanchez",CC6229 TRACT 6229 RANCHO VISTA,Normal Geofence
23647747,"Patagonia Way & Sucre Pl, Bakersfield, CA 93306",KVLA00,LANTANA ,35.406218,-118.883034,250,"Central Valley,Julio Garcia",KVLA00 LANTANA,Normal Geofence
23648108,"https://www.google.com/maps/place/Black+Oaks+by+Woodside+Homes/@36.3602541,-119.3138536,15z/data=!4m5!3m4!1s0x0:0x21146b3fe48e545f!8m2!3d36.3602539!4d-119.3138643",WSB030,BLACK OAKS III,36.360254,-119.313854,250,"Central Valley,Julio Garcia",WSB030,Normal Geofence
23648122,"https://www.google.com/maps/dir/38.5941504,-121.503744/Orchard+Walk+by+D.R.+Horton+America's+Builder,+2832+N.+Church+Ct,+Visalia,+CA+93291/@37.4538118,-121.5262258,8z/data=!3m1!4b1!4m9!4m8!1m1!4e1!1m5!1m1!1s0x809525b1f538f879:0xe6659642af9e8762!2m2!1d-119.2917377!2d36.3560658",DROW20,ORCHARD WALK II,36.356066,-119.291738,250,"Central Valley,Julio Garcia",DROW20,Normal Geofence
23709757,"Windmill Farms Pkwy, Sparks, NV, USA",DRSD12,SILVER DOLLAR AREA1 PH.2,39.609018,-119.723367,250,"Reno,Joaquin Gonzalez-Cruz",DRSD12 SILVER DOLLAR AREA1 PH.2,Normal Geofence
23710109,"7030 N Fruit Ave, Fresno, CA 93711, USA",BO6280,BONDELLE HOMES,36.83767,-119.816882,250,"Central Valley,Julio Garcia",BO6280 BONDELLE HOMES,Normal Geofence
23769995,"4441 Alitalia Way, Stockton, CA 95206, USA",BOC529,BUZZ OATES CONSTRUCTION,37.905964,-121.250875,250,Sacramento,BOC529 BUZZ OATES CONSTRUCTION,Normal Geofence
23770002,"4533 Alitalia Way, Stockton, CA 95206, USA",BOC530,BUZZ OATS CONSTRUCTION,37.904873,-121.249894,250,Sacramento,BOC530 BUZZ OATS CONSTRUCTION,Normal Geofence
23803061,"8912 Claro De Luna Dr, Bakersfield, CA 93314, USA",WSMC20,MONTICELLO II,35.432519,-119.103298,250,"Central Valley,Julio Garcia",WSMC20 MONTICELLO II,Normal Geofence
23803154,15521 COLE BROOK CT BAKERSFIELD CA 93314,WSGG00,GRAHAM GROVE,35.350191,-119.174865,250,"Central Valley,Julio Garcia",WSGG00 GRAHAM GROVE,Normal Geofence
23829064,"W Stanislaus Ave, Kerman, CA 93630, USA",CCTC20,THE CROSSING II,36.730764,-120.053792,250,"Central Valley,Julio Garcia",CCTC20 THE CROSSING II,Normal Geofence
23967085,"Senegal Way, California, USA",TPSE00,TRI POINTE,38.67541,-121.021019,250,"Sacramento,Jose Hermosillo",TPSE00 TRI POINTE,Normal Geofence
23967687,"Hanford Elementary School District, California 93230",SJHO00,SAN JOAQUIN HIDDEN OAKS,36.332633,-119.639907,250,"Central Valley,Julio Garcia",SJHO00 SAN JOAQUIN HIDDEN OAKS,Normal Geofence
23976951,"Overland Ave & Place Rd, Los Banos, CA 93635, USA",DRMV30,MISSION III,37.073312,-120.82629,250,"Central Valley,Albert Sanchotena",DRMV30 MISSION III,Normal Geofence
23976987,"El Cerro Dr & Hillcrest Rd, California 95023, USA",TMCVHR,CERRO VERDE,36.84732,-121.379299,250,"Central Valley,Albert Sanchotena",TMCVHR CERRO VERDE,Normal Geofence
23977096,"Willmott Rd & Wisteria Ave, Los Banos, CA 93635, USA",UCSV00,SHAUNESSY VILLAGE,37.069172,-120.832242,250,"Central Valley,Albert Sanchotena",UCSV00 SHAUNESSY VILLAGE,Normal Geofence
23977143,"Merced, CA, USA",LEMCHO,MORAGA CHATEAU,37.302163,-120.482968,250,"Central Valley,Andres Rodriguez",LEMCHO MORAGA CHATEAU,Normal Geofence
23982493,"Mountain Ridge Dr & McCutchen Rd, Bakersfield, CA 93313, USA",DRCH00,CANTERBURY HEIGHTS,35.283629,-119.067859,250,"Central Valley,Julio Garcia",DRCH00 CANTERBURY HEIGHTS,Normal Geofence
23982528,"6245 N Polk Ave, Fresno, CA 93722, USA",BO6280,EL PASEO PARK PLACE (TRAC),36.825594,-119.890179,250,"Central Valley,Julio Garcia",BO6280 EL PASEO PARK PLACE (TRAC),Normal Geofence
23982760,"1753 N Locan Ave, Clovis, CA 93619, USA",GH6239,TRACT 6239,36.861728,-119.656747,250,"Central Valley,Billy Davis",GH6239 TRACT 6239,Normal Geofence
23996656,"W Monterey Ave, Kerman, CA 93630, USA",CCBP00,BELLA PALMA,36.728056,-120.078816,250,"Central Valley,Julio Contreras",CCBP00 BELLA PALMA,Normal Geofence
24085398,"Avenue 26 & Fig Tree Rd, Chowchilla, CA 93610, USA",CCPR00,PHEASANT RUN,37.127336,-120.247956,250,"Central Valley,Albert Sanchotena",CCPR00 PHEASANT RUN,Normal Geofence
24088397,"Front St & LUPINE ST Armona, CA, USA",EMC756,TRACT756,36.316314,-119.705557,250,"Central Valley,Silvano Sanchez",EMC756 TRACT756,Normal Geofence
24088408,"3611 S Northpointe Dr, Fresno, CA 93725, USA",G3NP31,NORTH POINT BLG31,36.686943,-119.768092,250,"Central Valley,Silvano Sanchez",G3NP31 NORTH POINT BLG31,Normal Geofence
24088505,"N Chestnut Ave & E Copper Ave, California 93619, USA",GH6106,TRACT 6106,36.895724,-119.738604,250,"Central Valley,Silvano Sanchez",GH6106 TRACT 6106,Normal Geofence
24088529,"N Reed Ave & W Parlier Ave, Reedley, CA 93654, USA",JC61P2,TRACT 6196 PHASE2,36.611452,-119.457695,250,"Central Valley,Silvano Sanchez",JC61P2 TRACT 6196 PHASE2,Normal Geofence
24112200,"Del Mar Ave & E Main St, Garden Acres, CA 95215, USA",DRSL20,SOLARI RANCH II,37.955861,-121.226652,250,"Sacramento,Gerardo Omar Hernandez JR",DRSL20 SOLARI RANCH II,Normal Geofence
24112803,"Berkshire Rd & Ashe Rd, Bakersfield, CA 93313, USA",DRCBR0,CANTERBURY RIDGE,35.28885,-119.074399,250,Central Valley,DRCBR0 CANTERBURY RIDGE,Normal Geofence
24147462,"Patagonia Way & Sucre Pl, Bakersfield, CA 93306, USA",KVLA20,LANTANA 2,35.408666,-118.882154,250,Central Valley,KVLA20 LANTANA 2,Normal Geofence
24182490,"Liberty Island Rd & McCormack Rd, Rio Vista, CA 94571, USA",LGTS20,LIBERTY SUMMIT II,38.199738,-121.720567,250,"Sacramento,Gerardo Omar Hernandez JR",LGTS20 LIBERTY SUMMIT II,Normal Geofence
24288316,"San Luis St & Place Rd, Los Banos, CA 93635, USA",CCSRS0,SUNRISE RANCH SILHOUTTE,37.061694,-120.826448,250,Central Valley,CCSRS0 SUNRISE RANCH SILHOUTTE,Normal Geofence
24288352,"E Mission Ave & S G St, Merced, CA 95341, USA",DRSS20,STONERIDGE SOUTH II,37.273608,-120.483267,250,"Central Valley,Andres Rodriguez",DRSS20 STONERIDGE SOUTH II,Normal Geofence
24314560,"36.328514,-119.360688",SJTRH2,TIFFANYRANCH SOUTH LAND UNIT2,36.328514,-119.360688,250,"Central Valley,Billy Davis",SJTRH2 TIFFANYRANCH SOUTH LAND UNIT2,Normal Geofence
24314672,"Mooney Blvd & Tulare Ave - Time Out Pizza Waterpark, Tulare, CA 93274",DROCP1,OAK CREEK,36.21239,-119.312911,250,"Central Valley,Billy Davis",DROCP1 OAK CREEK,Normal Geofence
24315778,"36.793143,-119.628674",WH6255,TRACT 625,36.793143,-119.628674,250,"Central Valley,Billy Davis",WH6255 TRACT 625,Normal Geofence
24315796,"36.845416,-119.741273",BJRR00,ROCK RANC,36.845416,-119.741273,250,"Central Valley,Billy Davis",BJRR00 ROCK RANC,Normal Geofence
24315846,"36.970908,-120.122385",KBRSF0,RANCHO SANTA FE,36.970908,-120.122385,250,"Central Valley,Billy Davis",KBRSF0 RANCHO SANTA FE,Normal Geofence
24333859,"Rancho Cordova Pkwy, Rancho Cordova, CA 95742, USA",PUEC00,ECHELON V5,38.543839,-121.224088,250,"Sacramento,Hector M Michel",PUEC00 ECHELON V5,Normal Geofence
24529227,"Riverfront Dr, Lathrop, CA 95330, USA",NHRIW0,RIVER ISLAND WAYPOINT,37.806235,-121.330271,250,Sacramento,NHRIW0 RIVER ISLAND WAYPOINT,Normal Geofence
24564871,"1628 Summerwind Dr, Fernley, NV 89408, USA",KDPR00,PONDEROSA,39.585273,-119.211235,250,"Reno,Christopher D Bullard",KDPR00 PONDEROSA,Normal Geofence
24564898,"7100 Rancharrah Parkway, Reno, NV 89511, USA",RWVD00,THE VILLAS VILLAGE D,39.468376,-119.792484,250,"Reno,Christopher D Bullard",RWVD00 THE VILLAS VILLAGE D,Normal Geofence
24573774,"2253 Owens Ct, Los Banos, CA 93635, USA",DRSPII,SOUTHPOINTE II,37.073355,-120.819479,250,Central Valley,DRSPII SOUTHPOINTE II,Normal Geofence
24639629,"178 Mark Jeffrey Ln, Reno, NV 89503, USA",DWTRG0,TRUCKEE RIVER GREEN,39.519847,-119.843111,250,"Reno,Joaquin Gonzalez-Cruz",DWTRG0 TRUCKEE RIVER GREEN,Normal Geofence
24650692,"Grangeville Blvd & Centennial Dr, Hanford, CA 93230, USA",WSEG00,ELLA GARDENS,36.342678,-119.681899,250,Central Valley,WSEG00 ELLA GARDENS,Normal Geofence
24651778,"Pioneer Union Elementary, CA, USA",SJBV30,BELLA VISTA 3,36.354115,-119.707853,250,"Central Valley,Billy Davis",SJBV30 BELLA VISTA 3,Normal Geofence
24651779,"Pioneer Union Elementary, CA, USA",SJBV30,BELLA VISTA 3,36.354115,-119.707853,250,"Central Valley,Billy Davis",SJBV30 BELLA VISTA 3,Normal Geofence
24737597,"Redding, CA, USA",DRRIO0,RIO,40.555708,-122.380552,250,"Sacramento,Ramon Camarena",DRRIO0 RIO,Normal Geofence
24743551,"Blue Oaks Blvd & Westbrook Blvd, Westpark, CA 95747",MHWC20,WINDING CREEK II (ROAM),38.79557,-121.387184,250,"Sacramento,Jose Hermosillo",MHWC20 WINDING CREEK II (ROAM),Normal Geofence
24743572,"Melwood Ln, Granite Bay, CA 95746, USA",PRSL00,PREMIER SOLEIL,38.743846,-121.167182,250,"Sacramento,Jose Hermosillo",PRSL00 PREMIER SOLEIL,Normal Geofence
24795670,"517 Brinkby Ave, Reno, NV 89509, USA",ACLV00,LAKEVIEW AMENITIES,39.496584,-119.804319,250,"Reno,Joaquin Gonzalez-Cruz",ACLV00 LAKEVIEW AMENITIES,Normal Geofence
24795690,"Tully Rd & Bangs Ave, Modesto, CA 95356, USA",UCIC00,ICON,37.7037,-121.022184,250,"Central Valley,Andres Rodriguez",UCIC00 ICON,Normal Geofence
24797812,"Boulder Falls Dr, Sparks, NV 89436, USA",TBMD20,MERIDA II,39.629975,-119.699289,250,"Reno,Wesley Wilson",TBMD20 MERIDA II,Normal Geofence
24858233,"Hiett Ave & County Line Rd, California 93215, USA",SJPR00,PHEASANT COURT,35.78971,-119.270885,250,"Central Valley,Julio Garcia",SJPR00 PHEASANT COURT,Normal Geofence
24858270,"Hiett Ave & County Line Rd, California 93215, USA",SJQR00,QUAIL RUN,35.790406,-119.267666,250,"Central Valley,Julio Garcia",SJQR00 QUAIL RUN,Normal Geofence
24858285,"Douglas Rd & Rancho Cordova Pkwy, Rancho Cordova, CA 95742, USA",PRME70,ECHELON V5,38.559322,-121.224143,250,"Sacramento,Hector M Michel",PRME70 ECHELON V5,Normal Geofence
24925289,"Central Ave & California St, Riverbank, CA 95367, USA",DRBH00,BRUIN HEIGHTS,37.72905,-120.917523,250,"Central Valley,Andres Rodriguez",DRBH00 BRUIN HEIGHTS,Normal Geofence
25178888,"https://www.google.com/maps/place/Kinglet+Dr+%26+Fuggles+Dr,+Spanish+Springs,+NV+89441/@39.6644328,-119.7311413,16z/data=!4m13!1m7!3m6!1s0x809936fd30856607:0xa75501236f65029!2sKinglet+Dr+%26+Fuggles+Dr,+Spanish+Springs,+NV+89441!3b1!8m2!3d39.6644535!4d-119.7316778!3m4!1s0x809936fd30856607:0xa75501236f65029!8m2!3d39.6644535!4d-119.7316778",BCMD00,MERIDIAN,39.663676,-119.724979,250,"Reno,Wesley Wilson",BCMD00 MERIDIAN,Normal Geofence
25178911,"https://www.google.com/maps/place/Hudson+Dr,+Reno,+NV+89523/@39.5166369,-119.9800871,17z/data=!4m13!1m7!3m6!1s0x80995b2b147188d3:0xbb0eb7a85b8b6b9b!2sHudson+Dr,+Reno,+NV+89523!3b1!8m2!3d39.5166369!4d-119.9778984!3m4!1s0x80995b2b147188d3:0xbb0eb7a85b8b6b9b!8m2!3d39.5166369!4d-119.9778984",BCQTOO,QUEST@MERIDIAN,39.516637,-119.977898,250,"Reno,Wesley Wilson",BCQTOO QUEST@MERIDIAN,Normal Geofence
25179207,"https://www.google.com/maps/place/Elements+at+Coldstream/@39.3227906,-120.2279373,16.75z/data=!4m5!3m4!1s0x0:0x6f029c55780b0afb!8m2!3d39.3225012!4d-120.2268186",BTCS00,COLDSTREAM,39.322464,-120.226818,250,"Reno,Wesley Wilson",BTCS00 COLDSTREAM,Normal Geofence
25179231,"https://www.google.com/maps/place/The+Lakes+at+Lemmon+Valley/@39.6190798,-119.8634863,17z/data=!4m12!1m6!3m5!1s0x809948dc5fb51ea9:0xcc09b0b981cfe63b!2sThe+Lakes+at+Lemmon+Valley!8m2!3d39.6190757!4d-119.8612976!3m4!1s0x809948dc5fb51ea9:0xcc09b0b981cfe63b!8m2!3d39.6190757!4d-119.8612976",BDTL00,THE LAKES,39.619076,-119.861298,250,"Reno,Wesley Wilson",BDTL00 THE LAKES,Normal Geofence
25179411,"https://www.google.com/maps/place/Silverland+Estates+by+BUILT./@39.5875521,-119.1955162,15z/data=!4m12!1m6!3m5!1s0x0:0xd4f0b1183c5325f2!2sSilverland+Estates+by+BUILT.!8m2!3d39.5875521!4d-119.1955162!3m4!1s0x0:0xd4f0b1183c5325f2!8m2!3d39.5875521!4d-119.1955162",BTSE00,SILVERLAND ESTATES,39.587552,-119.195516,250,"Reno,Wesley Wilson",BTSE00 SILVERLAND ESTATES,Normal Geofence
25179494,"https://www.google.com/maps/place/822+Garnet+Way,+Fernley,+NV+89408/@39.5818771,-119.2322367,17z/data=!4m13!1m7!3m6!1s0x8098e878f04e55e1:0x94a6e1bf390aee56!2s822+Garnet+Way,+Fernley,+NV+89408!3b1!8m2!3d39.581873!4d-119.230048!3m4!1s0x8098e878f04e55e1:0x94a6e1bf390aee56!8m2!3d39.581873!4d-119.230048",DFGV00,GREEN VALLEY,39.581873,-119.230048,250,"Reno,Wesley Wilson",DFGV00 GREEN VALLEY,Normal Geofence
25179672,"6679 Coyote Call Trail, Sparks, NV 89436, USA",DRKR00,KILEY RANCH,39.611108,-119.719279,250,"Reno,Wesley Wilson",DRKR00 KILEY RANCH,Normal Geofence
25179843,"https://www.google.com/maps/place/276+Belmullet+Dr,+Reno,+NV+89523/@39.5246711,-119.9695527,17z/data=!4m13!1m7!3m6!1s0x8099452943a9c8df:0x667da3132306b48f!2s276+Belmullet+Dr,+Reno,+NV+89523!3b1!8m2!3d39.524667!4d-119.967364!3m4!1s0x8099452943a9c8df:0x667da3132306b48f!8m2!3d39.524667!4d-119.967364",DRWMCS,WEST MEADOWS CREST,39.524667,-119.967364,250,"Reno,Wesley Wilson",DRWMCS WEST MEADOWS CREST,Normal Geofence
25179870,"https://www.google.com/maps/place/Estates+at+West+Meadows+by+D.R.+Horton/@39.5227435,-119.9724932,17z/data=!4m13!1m7!3m6!1s0x8099452bb230920b:0x4e8bb79a5e587b32!2s8304+Fenhollow+Dr,+Reno,+NV+89523!3b1!8m2!3d39.5227394!4d-119.9703045!3m4!1s0x809945762fb1a78b:0x74b32b041fab8259!8m2!3d39.5228034!4d-119.9703224",DRWMES,WEST MEADOWS ESTATES,39.522719,-119.970307,250,"Reno,Wesley Wilson",DRWMES WEST MEADOWS ESTATES,Normal Geofence
25179946,"https://www.google.com/maps/place/Desert+Wind+Homes+At+Falcon+Ridge/@39.5679397,-119.7794103,17z/data=!3m1!4b1!4m5!3m4!1s0x809939a7f61a0523:0xd641e6b8b565b706!8m2!3d39.5678686!4d-119.7772232",DWFROO,FALCON RIDGE,39.56794,-119.777222,250,"Reno,Wesley Wilson",DWFROO FALCON RIDGE,Normal Geofence
25180245,"3710 Coastal St, Reno, NV 89512, USA",NNMV30,MOINTAIN VIEW,39.565917,-119.812459,250,"Reno,Wesley Wilson",NNMV30 MOINTAIN VIEW,Normal Geofence
25180276,"https://www.google.com/maps/place/Alicante+at+Stonebrook/@39.6351442,-119.7004402,18z/data=!4m9!1m2!2m1!1stoll+brothers+alicante!3m5!1s0x0:0x2b78f90e7f2121fe!8m2!3d39.6345658!4d-119.6988984!15sChZ0b2xsIGJyb3RoZXJzIGFsaWNhbnRlIgOIAQFaGCIWdG9sbCBicm90aGVycyBhbGljYW50ZZIBDGhvbWVfYnVpbGRlcg",TBAC00,ALICANTE,39.634566,-119.698938,250,"Reno,Wesley Wilson",TBAC00 ALICANTE,Normal Geofence
25180311,"https://www.google.com/maps/place/The+Cliffs+at+Somersett/@39.5376751,-119.9543567,17z/data=!4m12!1m6!3m5!1s0x809945452404011d:0xc13a4a2d2d404a3!2sThe+Cliffs+at+Somersett!8m2!3d39.537703!4d-119.9521711!3m4!1s0x809945452404011d:0xc13a4a2d2d404a3!8m2!3d39.537703!4d-119.9521711",TBCF00,THE CLIFFS,39.537671,-119.952168,250,,TBCF00 THE CLIFFS,Normal Geofence
25180363,"https://www.google.com/maps/place/Catalina+at+Stonebrook/@39.6317394,-119.7030047,17z/data=!4m12!1m6!3m5!1s0x8099394f41432151:0xbfd4f6227c19a94c!2sCatalina+at+Stonebrook!8m2!3d39.6317353!4d-119.700816!3m4!1s0x8099394f41432151:0xbfd4f6227c19a94c!8m2!3d39.6317353!4d-119.700816",TBCT00,CATALINA,39.631735,-119.700816,250,"Reno,Wesley Wilson",TBCT00 CATALINA,Normal Geofence
25180381,"https://www.google.com/maps/place/Merida+at+Stonebrook/@39.6308106,-119.7023712,17z/data=!4m12!1m6!3m5!1s0x809939ff24cb96e1:0x9e797e0167e05e9!2sMerida+at+Stonebrook!8m2!3d39.6307984!4d-119.7001633!3m4!1s0x809939ff24cb96e1:0x9e797e0167e05e9!8m2!3d39.6307984!4d-119.7001633",TBMD00,MERIDA,39.630806,-119.700182,250,"Reno,Wesley Wilson",TBMD00 MERIDA,Normal Geofence
25180399,"https://www.google.com/maps/place/1625+River+Hill+Way,+Reno,+NV+89523/@39.524775,-119.9151817,17z/data=!4m13!1m7!3m6!1s0x809944444f919729:0x97cfedab2ec6479e!2s1625+River+Hill+Way,+Reno,+NV+89523!3b1!8m2!3d39.524775!4d-119.912993!3m4!1s0x809944444f919729:0x97cfedab2ec6479e!8m2!3d39.524775!4d-119.912993",DWSBR0,SOMERSET BRAE,39.524775,-119.912993,250,"Reno,Wesley Wilson",DWSBR0 SOMERSET BRAE,Normal Geofence
25180536,"https://www.google.com/maps/place/Kinglet+Dr+%26+Fuggles+Dr,+Spanish+Springs,+NV+89441/@39.6644328,-119.7311413,16z/data=!4m13!1m7!3m6!1s0x809936fd30856607:0xa75501236f65029!2sKinglet+Dr+%26+Fuggles+Dr,+Spanish+Springs,+NV+89441!3b1!8m2!3d39.6644535!4d-119.7316778!3m4!1s0x809936fd30856607:0xa75501236f65029!8m2!3d39.6644535!4d-119.7316778",TBCR00,CINNAMON RIDGE,39.664927,-119.733927,250,"Reno,Wesley Wilson",TBCR00 CINNAMON RIDGE,Normal Geofence
25180634,"https://www.google.com/maps/place/Commodore+Dr,+Reno,+NV+89523/@39.5165523,-119.983074,17z/data=!4m13!1m7!3m6!1s0x80995b29e8aa94cb:0xda1b97c3599fd30d!2sCommodore+Dr,+Reno,+NV+89523!3b1!8m2!3d39.5165482!4d-119.9808853!3m4!1s0x80995b29e8aa94cb:0xda1b97c3599fd30d!8m2!3d39.5165482!4d-119.9808853",VCQT20,QUEST II,39.516548,-119.980885,250,"Reno,Christopher D Bullard",VCQT20 QUEST II,Normal Geofence
25180677,"https://www.google.com/maps/place/Ladera+Ranch+by+D.R.+Horton/@39.5999182,-119.8063554,15z/data=!4m5!3m4!1s0x0:0x3a44bedfb484e90d!8m2!3d39.5998295!4d-119.8064044",DRLR00,LADERA RANCH,39.599918,-119.806355,250,"Reno,Joaquin Gonzalez-Cruz",DRLR00 LADERA RANCH,Normal Geofence
25180740,"https://www.google.com/maps/place/9601+Lane+Garrett+Dr,+Reno,+NV+89511/@39.4436222,-119.7779946,17z/data=!4m13!1m7!3m6!1s0x809915b09cc5bd21:0x85dba7d96116618d!2s9601+Lane+Garrett+Dr,+Reno,+NV+89511!3b1!8m2!3d39.4436222!4d-119.7758059!3m4!1s0x809915b09cc5bd21:0x85dba7d96116618d!8m2!3d39.4436222!4d-119.7758059",DWHR00,HOLCOMB RANCH,39.443622,-119.775806,250,"Reno,Joaquin Gonzalez-Cruz",DWHR00 HOLCOMB RANCH,Normal Geofence
25180881,"https://www.google.com/maps/place/Arbor+Villa's/@39.1582786,-119.7626792,16z/data=!4m13!1m7!3m6!1s0x8099a0713c1d2af9:0x15da8e49c3679983!2sLittle+Ln,+Carson+City,+NV!3b1!8m2!3d39.1573968!4d-119.7586344!3m4!1s0x8099a1095c39c297:0x3c6722beb966b2bc!8m2!3d39.1579113!4d-119.7583107?hl=en",CCAV20,ARBOR VILLAS PHASE2,39.157911,-119.758311,250,"Reno,Joaquin Gonzalez-Cruz",CCAV20 ARBOR VILLAS PHASE2,Normal Geofence
25180909,"https://www.google.com/maps/place/North+Valleys+Regional+Park+Parking+Lot/@39.6218105,-119.8695693,17z/data=!4m13!1m7!3m6!1s0x809948d9a8b73d77:0x4768c0993431f9f1!2sSky+Vista+Pkwy+%26+Trading+Post+Rd,+Reno,+NV+89506!3b1!8m2!3d39.6218064!4d-119.8673806!3m4!1s0x8099491195775a4d:0xcd4726a3dde87b11!8m2!3d39.6222057!4d-119.8640984",SRVE00, VISTA ENCLAVE,39.623518,-119.865518,250,"Reno,Joaquin Gonzalez-Cruz",SRVE00  VISTA ENCLAVE,Normal Geofence
25181450,"https://www.google.com/maps/place/Cottages+at+Copper+View/@39.4259323,-119.7519185,14.25z/data=!4m9!1m2!2m1!1stoll+brothers+cottages+at+copper+view!3m5!1s0x0:0xefef9aba915bff03!8m2!3d39.4125022!4d-119.7161917!15sCiV0b2xsIGJyb3RoZXJzIGNvdHRhZ2VzIGF0IGNvcHBlciB2aWV3IgOIAQFaJyIldG9sbCBicm90aGVycyBjb3R0YWdlcyBhdCBjb3BwZXIgdmlld5IBDGhvbWVfYnVpbGRlcg",TBCG00,COTTAGE AT CARMELLA,39.4125,-119.7162,250,"Reno,Joaquin Gonzalez-Cruz",TBCG00 COTTAGE AT CARMELLA,Normal Geofence
25181465,"https://www.google.com/maps/place/Copper+View+at+Caramella+Ranch/@39.412446,-119.7183897,17z/data=!4m12!1m6!3m5!1s0x8099152433e6d1e9:0x37095ce9b6b15faa!2sCopper+View+at+Caramella+Ranch!8m2!3d39.4124541!4d-119.7161705!3m4!1s0x8099152433e6d1e9:0x37095ce9b6b15faa!8m2!3d39.4124541!4d-119.7161705",TBCV00,COPPER VIEW,39.412446,-119.716201,250,"Reno,Joaquin Gonzalez-Cruz",TBCV00 COPPER VIEW,Normal Geofence
25181508,"2937 Amethyst Hills Dr, Reno, NV 89521",TBEW00,EDGE WORTH,39.40657,-119.721496,250,"Reno,Joaquin Gonzalez-Cruz",TBEW00 EDGE WORTH,Normal Geofence
25181580,"https://www.google.com/maps/place/Cantaro+at+Rancharrah/@39.4695261,-119.79901,17z/data=!4m12!1m6!3m5!1s0x809947c3c9282753:0x538b25db1c0f070!2sCantaro+at+Rancharrah!8m2!3d39.4695944!4d-119.7967653!3m4!1s0x809947c3c9282753:0x538b25db1c0f070!8m2!3d39.4695944!4d-119.7967653",TBRC00,CANTARO,34.746227,-86.464241,250,"Reno,Joaquin Gonzalez-Cruz",TBRC00 CANTARO,Normal Geofence
25181617,"https://www.google.com/maps/place/Regency+at+Caramella+Ranch/@39.4086955,-119.7259947,17z/data=!3m1!4b1!4m5!3m4!1s0x8099153bfa1c7587:0xe8d66bd1047916c3!8m2!3d39.4086914!4d-119.723806",TBRGCR,REGENCY @ CARMELLA,39.409288,-119.727454,250,"Reno,Joaquin Gonzalez-Cruz",TBRGCR REGENCY @ CARMELLA,Normal Geofence
25181671,"https://www.google.com/maps/place/Latigo+at+Rancharrah/@39.4735473,-119.7987407,14.75z/data=!4m9!1m2!2m1!1stoll+brothers+latigo+ranch+harrah!3m5!1s0x0:0xd2ceb71b79618a6!8m2!3d39.4695944!4d-119.7967653!15sCh90b2xsIGJyb3RoZXJzIGxhdGlnbyByYW5jaGFycmFoIgOIAQFaISIfdG9sbCBicm90aGVycyBsYXRpZ28gcmFuY2hhcnJhaJIBDGhvbWVfYnVpbGRlcg",TBRH00,RANCH HARRAH,39.469522,-119.796821,250,"Reno,Joaquin Gonzalez-Cruz",TBRH00 RANCH HARRAH,Normal Geofence
25181741,"https://www.google.com/maps/place/Sky+Meadow+at+Caramella+Ranch/@39.4076673,-119.7206111,17z/data=!3m1!4b1!4m5!3m4!1s0x80991528e99b0075:0x66b97d4933a428a4!8m2!3d39.4075858!4d-119.7183946",TBSM00,SKY MEADOWS,39.412023,-119.717822,250,"Reno,Joaquin Gonzalez-Cruz",TBSM00 SKY MEADOWS,Normal Geofence
25181794,"https://www.google.com/maps/place/Sorrento+Trail+at+Bella+Vista+Ranch/@39.443503,-119.7234874,17z/data=!4m12!1m6!3m5!1s0x809915b6636525f5:0xa59abbb61732d18e!2sSorrento+Trail+at+Bella+Vista+Ranch!8m2!3d39.4434989!4d-119.7212987!3m4!1s0x809915b6636525f5:0xa59abbb61732d18e!8m2!3d39.4434989!4d-119.7212987",TBST00,SORRENTO TRAIL,39.444023,-119.722481,250,"Reno,Joaquin Gonzalez-Cruz",TBST00 SORRENTO TRAIL,Normal Geofence
25181812,"https://www.google.com/maps/place/2355+W+4th+St,+Reno,+NV+89523/@39.5220444,-119.8440759,17z/data=!4m13!1m7!3m6!1s0x809946d399da02a9:0x912af74854dc019!2s2355+W+4th+St,+Reno,+NV+89523!3b1!8m2!3d39.5220444!4d-119.8418872!3m4!1s0x809946d399da02a9:0x912af74854dc019!8m2!3d39.5220444!4d-119.8418872?hl=en",ACMV00,,39.522044,-119.841887,250,"Reno,Joaquin Gonzalez-Cruz",ACMV00,Normal Geofence
25181938,"https://www.google.com/maps/place/W+4th+St+%26+Summit+Ridge+Dr,+Reno,+NV+89523/@39.5194217,-119.8499743,17z/data=!4m13!1m7!3m6!1s0x809946cd9d9eaadf:0x7780ebbf18041a50!2sW+4th+St+%26+Summit+Ridge+Dr,+Reno,+NV+89523!3b1!8m2!3d39.5194217!4d-119.8477856!3m4!1s0x809946cd9d9eaadf:0x7780ebbf18041a50!8m2!3d39.5194217!4d-119.8477856",DWMVT0,,39.511022,-119.870645,250,"Reno,Joaquin Gonzalez-Cruz",DWMVT0,Normal Geofence
25181997,"https://www.google.com/maps/place/880+Tourmaline+Dr,+Carson+City,+NV+89705/@39.0940201,-119.7828517,17z/data=!4m13!1m7!3m6!1s0x8099a1e4314cc591:0x5fd69e65ef576958!2s880+Tourmaline+Dr,+Carson+City,+NV+89705!3b1!8m2!3d39.094016!4d-119.780663!3m4!1s0x8099a1e4314cc591:0x5fd69e65ef576958!8m2!3d39.094016!4d-119.780663",FHVVOO,,39.094016,-119.780663,250,"Reno,Joaquin Gonzalez-Cruz",FHVVOO,Normal Geofence
25182561,"Ferretto Pkwy, Dayton, NV 89403, USA",KDVR00,RIVER PARK,39.29445,-119.506833,250,"Reno,Joaquin Gonzalez-Cruz",KDVR00 RIVER PARK,Normal Geofence
25182579,"Ferretto Pkwy, Dayton, NV 89403, USA",KDRV00,RIVERPARK,39.296277,-119.505331,250,"Reno,Joaquin Gonzalez-Cruz",KDRV00 RIVERPARK,Normal Geofence
25182819,"Calamity Ct, Reno, NV 89506, USA",KDJC00,JC ESTANCIA,39.613948,-119.844713,250,"Reno,Joaquin Gonzalez-Cruz",KDJC00 JC ESTANCIA,Normal Geofence
25182958,"959 Kathryn Ct, Fernley, NV 89408, USA",DRTV00,TUSCANY VILLAS,39.591541,-119.234972,250,"Reno,Wesley Wilson",DRTV00 TUSCANY VILLAS,Normal Geofence
25183040,"Slater Mill Dr, Spanish Springs, NV 89441, USA",KDBS00,BLACKSTONE,39.667321,-119.698457,250,"Reno,Wesley Wilson",KDBS00 BLACKSTONE,Normal Geofence
25251921,"W Cross Ave & Tulare Dr, Tulare, CA 93274, USA",DROK00,OAKCREST,36.210597,-119.374059,250,"Central Valley,Julio Garcia",DROK00 OAKCREST,Normal Geofence
25599216,"Patterson, CA 95363, USA",ACSVRR,STONE VILLAGE R&R,37.480726,-121.129937,250,"Central Valley,Albert Sanchotena",ACSVRR STONE VILLAGE R&R,Normal Geofence
25607183,"Avenue 26 & Golf Dr W, Chowchilla, CA 93610, USA",CCGH00,GREENHILLS,37.127288,-120.224157,250,"Central Valley,Albert Sanchotena",CCGH00 GREENHILLS,Normal Geofence
25761202,"1066-1242 Pettinotti Rd, Merced, CA 95348",JCLSS0,LANTANA ,37.342841,-120.49769,250,"Central Valley,Leo Diaz",JCLSS0 LANTANA,Normal Geofence
25819292,"Goldfields Pkwy & Linda Ave, Linda, CA 95901, USA",LGOR20,ORCHARDSII,39.123496,-121.533208,250,Sacramento,LGOR20 ORCHARDSII,Normal Geofence
25880034,"Greenfield Union Elementary, California",JB6712,TRACT6712 PHASE 2,35.295132,-118.993604,250,"Central Valley,Leo Diaz",JB6712 TRACT6712 PHASE 2,Normal Geofence
26026232,"Pitt School Rd & Hillview Dr, Dixon, CA 95620, USA",DRSA20,SAVANNAH II,38.439926,-121.848031,250,"Sacramento,Gael Cortez Pozos",DRSA20 SAVANNAH II,Normal Geofence
26068985,"Fillingham Ln & Market St, Roseville, CA 95747, USA",KVASS2,ASPIRE AT SOLAIRE II,38.768804,-121.376969,250,"Sacramento,Jose Hermosillo",KVASS2 ASPIRE AT SOLAIRE II,Normal Geofence
26070492,"CA-41 & Avenue 15, California 93636, USA",MCTVI0,TESORO VIEJO IVY,36.96785,-119.7746,250,"Central Valley,Billy Davis",MCTVI0 TESORO VIEJO IVY,Normal Geofence
26222588,"5646 W Mineral King Ave, Visalia, CA 93291, USA",SJMOP0,MISSION OAKS,36.328183,-119.354178,250,"Central Valley,Leo Diaz",SJMOP0 MISSION OAKS,Normal Geofence
26222655,"7900 Quail Ridge Ct, Sun Valley, NV 89433, USA",DRLR20,LADERA RANCH II,39.595899,-119.803679,250,"Reno,Joaquin Gonzalez-Cruz",DRLR20 LADERA RANCH II,Normal Geofence
26399168,"4033 San Juan Ave, Fair Oaks, CA 95628, USA",GEEOC0,OAK AT CARMICHAEL,38.637256,-121.292278,250,"Sacramento,Forrest George Mccurdy",GEEOC0 OAK AT CARMICHAEL,Normal Geofence
26399205,"Eagle Ridge Dr, Gilroy, CA 95020, USA",TMER00,EAGLE RIDGE,36.996517,-121.601814,250,"Central Valley,Albert Sanchotena",TMER00 EAGLE RIDGE,Normal Geofence
26399253,"N Giddings St & W Riggin Ave, Visalia, CA 93291, USA",WSHP00,HUCKLEBERRY PARK,36.35639,-119.305738,250,"Central Valley,Julio Garcia",WSHP00 HUCKLEBERRY PARK,Normal Geofence
26636644,"Vineyard Rd & Cook Riolo Rd, California 95747, USA",HTWC00,WISPERING CREEK,38.743635,-121.336986,250,"Sacramento,Jose Hermosillo",HTWC00 WISPERING CREEK,Normal Geofence
26636689,"East Ave & 12th St, Lincoln, CA 95648, USA",MHML20,MEADOELANDS II (70'S),38.901027,-121.284185,250,"Sacramento,Jose Hermosillo",MHML20 MEADOELANDS II (70'S),Normal Geofence
26706208,"320 Grand Canyon Blvd, Reno, NV 89502, USA",DWGC00,320 GRAND CANYON,39.509048,-119.802149,250,Reno,DWGC00 320 GRAND CANYON,Normal Geofence
26778526,"85 Scholar Way, Folsom, CA 95630, USA",UPSF00,SAGE AT FOLSOM,38.659327,-121.126264,250,"Sacramento,Robert Wayne Condon",UPSF00 SAGE AT FOLSOM,Normal Geofence
26804447,"Holman Rd & Hendrix Dr, Stockton, CA 95212, USA",LGCP00,CANNERY PARK,38.049597,-121.273153,250,"Sacramento,Gael Cortez Pozos",LGCP00 CANNERY PARK,Normal Geofence
26804570,"89 Scholar Way, Folsom, CA 95630, USA",UPSF00,SAGA AT FOLSOM,38.658892,-121.126109,250,"Sacramento,Robert Wayne Condon",UPSF00 SAGA AT FOLSOM,Normal Geofence
26827544,"Whitney Ranch Pkwy & Wildcat Blvd, Rocklin, CA 95765, USA",JMWR63,Whitney Ranch 63 & 69 Edgefield,38.830384,-121.28804,250,"Sacramento,Jose Hermosillo",JMWR63 Whitney Ranch 63 & 69 Edgefield,Normal Geofence
26884917,"804 Maple Way, Fallon, NV 89406, USA",DRTL00,LIBERTY,39.485552,-118.786416,250,"Reno,Wesley Wilson",DRTL00 LIBERTY,Normal Geofence
26952781,"E Wilson Rd & S Fairfax Rd, California 93307, USA",DRAC00,ABBEY COURT,35.332525,-118.932028,250,"Central Valley,Julio Garcia",DRAC00 ABBEY COURT,Normal Geofence
27122586,"Minden, NV 89423, USA",SYMVD0,MONTE VISTA,38.960965,-119.776205,250,"Reno,James Vahle",SYMVD0 MONTE VISTA,Normal Geofence
27157722,"Ellis St & N D St, California 93638, USA",CCOM00,MADERA OMNI,36.986901,-120.063184,250,"Central Valley,Albert Sanchotena",CCOM00 MADERA OMNI,Normal Geofence
27157747,"12th St & East Ave, Lincoln, CA 95648, USA",MHML30,MEDOWLANDS III,38.901027,-121.284185,250,"Sacramento,Jose Hermosillo",MHML30 MEDOWLANDS III,Normal Geofence
27157830,"Savannah Pkwy, Folsom, CA 95630, USA",TPMRL0,MANGINI RANCH LONESTAR,38.634132,-121.107357,250,"Sacramento,Hector M Michel",TPMRL0 MANGINI RANCH LONESTAR,Normal Geofence
27157837,"Savannah Pkwy, Folsom, CA 95630, USA",TPMRE0,MANGINI RANCH EASTWOOD,38.634132,-121.107357,250,"Sacramento,Hector M Michel",TPMRE0 MANGINI RANCH EASTWOOD,Normal Geofence
27372734,"3225 S Orange Ave, Fresno, CA 93725, USA",G3NP19,NORTH POINT BLDG 19,36.688388,-119.7645,250,"Central Valley,Billy Davis",G3NP19 NORTH POINT BLDG 19,Normal Geofence
27570510,"N Laverne Ave & E Belmont Ave, McLane, CA 93727, USA",KBCV00,CENTRELLAS VILLAS ,36.750378,-119.678643,250,"Central Valley,Julio Contreras",KBCV00 CENTRELLAS VILLAS,Normal Geofence
27570826,"Morningstar Ave & Morning Dr, Bakersfield, CA 93306, USA",LGMR00,MORNINGSTAR RANCH,35.40124,-118.914304,250,"Central Valley,Julio Garcia",LGMR00 MORNINGSTAR RANCH,Normal Geofence
27627404,"1200 Eastlake Blvd, New Washoe City, NV 89704, USA",CRCE00,COLLINSWORTH EASTLAKE,39.316733,-119.790167,250,"Reno,Joaquin Gonzalez-Cruz",CRCE00 COLLINSWORTH EASTLAKE,Normal Geofence
27663083,"1308 W Sedona Ave, Visalia, CA 93291, USA",WSHPT0,HIGHLAND PARK 2,36.358275,-119.306109,250,"Central Valley,Leo Diaz",WSHPT0 HIGHLAND PARK 2,Normal Geofence
27804818,"4789 Black Falcon Way, Sun Valley, NV 89433",DWFRN0,FALCON RIDGE NORTH,39.553432,-119.77891,250,"Reno,Wesley Wilson",DWFRN0 FALCON RIDGE NORTH,Normal Geofence
27805032,"Green Mountain Ln, Rocklin, CA 95677, USA",NHRM00,ROCKLIN MEADOWS,38.782,-121.222458,250,"Sacramento,Jose Hermosillo",NHRM00 ROCKLIN MEADOWS,Normal Geofence
27935455,"Rancho Cordova Pkwy & Cobble Brook Dr, Rancho Cordova, CA 95742, USA",KVTRS0,THE RNCH SAGEBRUSH,38.550518,-121.218331,250,Sacramento,KVTRS0 THE RNCH SAGEBRUSH,Normal Geofence
28128186,"Chrysanthy Boulevard &, Rancho Cordova Pkwy, Rancho Cordova, CA 95742, USA",KVTRM0,THE RANCH ASPIRE MONTROSE,38.548022,-121.215641,250,Sacramento,KVTRM0 THE RANCH ASPIRE MONTROSE,Normal Geofence
28172443,"306 Marewood Ct, Reno, NV 89511, USA",TBRH20,RANCHARRAH LATIGO II,39.471785,-119.802086,250,"Reno,Joaquin Gonzalez-Cruz",TBRH20 RANCHARRAH LATIGO II,Normal Geofence
28196504,"K. Hovnanian Homes Sagebrush at The Ranch, Chrysanthy Boulevard &, Rancho Cordova Pkwy, Rancho Cordova, CA 95742",KVTRA0,RANCH ASPIRE SORINGS,38.550208,-121.224049,250,Sacramento,KVTRA0 RANCH ASPIRE SORINGS,Normal Geofence
28196545,"1250 W 2nd St, Reno, NV 89503, USA",DW2SA0,2ND STREET APARTMENTS,39.52358,-119.829375,250,Reno,DW2SA0 2ND STREET APARTMENTS,Normal Geofence
28196619,"Blue Oaks Blvd & Westbrook Blvd, Westpark, CA 95747, USA",DRWC20,WINDING CREEK THE WILDS II,38.79557,-121.387435,250,"Sacramento,Jose Hermosillo",DRWC20 WINDING CREEK THE WILDS II,Normal Geofence
28250416,"Bellevue Rd & M St, Merced, CA 95348, USA",DRMR50,MONTERA V,37.361108,-120.477166,250,"Central Valley,Silvano Sanchez",DRMR50 MONTERA V,Normal Geofence
28252399,"1235 N Minnewawa Ave, Clovis, CA 93619, USA",QGTW01,WELL COMMUNITY CHURCH,36.852964,-119.709879,250,"Central Valley,Billy Davis",QGTW01 WELL COMMUNITY CHURCH,Normal Geofence
28258264,"Fountain Dr & Woodside Dr, West Sacramento, CA 95605, USA",KSTC00,THE COVE,38.601187,-121.516845,250,"Sacramento,Ramon Camarena",KSTC00 THE COVE,Normal Geofence
28258291,"PFE Rd & Walerga Rd, California 95747, USA",KSHS00,HOMESTEAD,38.728804,-121.364641,250,"Sacramento,Jose Hermosillo",KSHS00 HOMESTEAD,Normal Geofence
28259197,3008 Felix Ave Fowler Ca 93635,CVC,Central Valley-Fowler,36.607603,-119.661718,250,Central Valley,CVC Central Valley-Fowler,Normal Geofence
28259830,"Tulare, CA 93274, USA",CCLH00,LIBERTY HILL,36.197045,-119.368324,250,"Central Valley,Leo Diaz",CCLH00 LIBERTY HILL,Normal Geofence
28308274,"Madera Unified School District, CA, USA",CCPO00,OMNI,36.941073,-120.112735,250,"Central Valley,Leo Diaz",CCPO00 OMNI,Normal Geofence
28412374,"CA-41 & Avenue 15, California 93636, USA",MCTVS0,TESORO VIEJO SANANNA,36.971998,-119.781767,250,Central Valley,MCTVS0 TESORO VIEJO SANANNA,Normal Geofence
28517766,"3211 S East Ave, Fresno, CA 93725, USA",G3HCW0,HAWK CIVIL WORK,36.687696,-119.76894,250,"Central Valley,Billy Davis",G3HCW0 HAWK CIVIL WORK,Normal Geofence
28518116,"W Cardella Rd & Kansas St, California 95348, USA",DRLN00,LANTANA,37.346507,-120.497391,250,"Central Valley,Silvano Sanchez",DRLN00 LANTANA,Normal Geofence
28545999,"2424 Butte Creek Dr, Sparks, NV 89436, USA",TBACC0,ALICANTE CC,39.634428,-119.698481,250,"Reno,Wesley Wilson",TBACC0 ALICANTE CC,Normal Geofence
28694888,"Walerga Rd & Farrier Way, California 95747, USA",WSBVC0,BRADY VINEYARDS CABERNET,38.742793,-121.364733,250,"Sacramento,Jose Hermosillo",WSBVC0 BRADY VINEYARDS CABERNET,Normal Geofence
28694987,"Walerga Rd & Farrier Way, California 95747, USA",WSBVM,0 BRADY VINEYARDS MOSCATO,38.742793,-121.364733,250,"Sacramento,Jose Hermosillo",WSBVM 0 BRADY VINEYARDS MOSCATO,Normal Geofence
28703178,"S Sunnyside Ave & E South Ave, Fowler, CA 93625, USA",KVAS2B,ASPIRE AT SUNNYSIDE,36.619976,-119.691242,250,Central Valley,KVAS2B ASPIRE AT SUNNYSIDE,Normal Geofence
28829636,"Roseville, CA, USA",ABSTR2,(TSR-II),38.752124,-121.288006,250,"Sacramento,Robert Wayne Condon",ABSTR2 (TSR-II),Normal Geofence
28898130,"Liberty, Bakersfield, CA 93313, USA",RG7262,TRACT 7262,35.29192,-119.08381,250,"Central Valley,Leo Diaz",RG7262 TRACT 7262,Normal Geofence
28898164,"Yosemite Dr & Pin Oak Ln, Chico, CA 95928, USA",DRSPW0,SPARROW (OAK VALLEY),39.74431,-121.779767,250,"Sacramento,Ramon Camarena",DRSPW0 SPARROW (OAK VALLEY),Normal Geofence
28909546,"S Frankwood Ave & E South Ave, Reedley California 93654, USA",SJSR00,SAN RIO (FRANKWOOD),36.618707,-119.448744,250,Central Valley,SJSR00 SAN RIO (FRANKWOOD),Normal Geofence
29063466,"E Hatch Rd & Euclid Ave, Hughson, CA 95326, USA",KBFD20,FIELSTONE II,37.60921,-120.851711,250,"Central Valley,Andres Rodriguez",KBFD20 FIELSTONE II,Normal Geofence
29272243,"2500 Emerson Cir, Fernley, NV 89408, USA",DRTV20,TUSCANY VILLAS 2,39.590021,-119.226622,250,"Reno,Wesley Wilson",DRTV20 TUSCANY VILLAS 2,Normal Geofence
29401644,"Blue Oaks Blvd & Westpark Dr, Westpark, CA 95747, USA",DRIS00,ROSEVILLE ISLES,38.795183,-121.379785,250,"Sacramento,Jose Hermosillo",DRIS00 ROSEVILLE ISLES,Normal Geofence
29507227,"784 Karen Ct, Fallon, NV 89406, USA",DRTL20,LIBERTYII (DIAMOND CREEK),39.485591,-118.785936,250,"Reno,Wesley Wilson",DRTL20 LIBERTYII (DIAMOND CREEK),Normal Geofence
29938384,"North Ave & Greenwood Ave, Sanger, CA 93657, USA",DRSER0,SERENADE,36.692268,-119.565407,250,Central Valley,DRSER0 SERENADE,Normal Geofence
29938417,"CA-145 & W Pecan Ave, Madera, CA 93637, USA",DRPS00,PECAN SQUARE,36.938343,-120.056003,250,"Central Valley,Silvano Sanchez",DRPS00 PECAN SQUARE,Normal Geofence
30088923,"Vanden Rd & Jerrylee Rd, California 95687, USA",RAVMS0,VANDEN MEADOWS SEASON,38.318948,-121.943771,250,"Sacramento,Gael Cortez Pozos",RAVMS0 VANDEN MEADOWS SEASON,Normal Geofence
30088975,"PFE Rd & Walerga Rd, California 95747, USA",DRME00,MELROSE,38.728804,-121.364641,250,"Sacramento,Jose Hermosillo",DRME00 MELROSE,Normal Geofence
30330820,"N Mooney Blvd & Seminole Ave, Tulare, CA 93274, USA",DROC20,OAK TREE II,36.218564,-119.312927,250,"Central Valley,Julio Garcia",DROC20 OAK TREE II,Normal Geofence
30388842,"1661 Buttonwillow St, Minden, NV 89423, USA",SYMVV0,MONTE VISTA,38.960617,-119.772968,250,"Reno,James Vahle",SYMVV0 MONTE VISTA,Normal Geofence
30653528,"Neff Rnch Dr, Spanish Springs, NV 89441, USA",TBHRM0,HARRIS RANCH V1 (MAGNOLIA),39.68593,-119.693371,250,Reno,TBHRM0 HARRIS RANCH V1 (MAGNOLIA),Normal Geofence
30653617,"Kings River Dr, Spanish Springs, NV 89441, USA",TBHRW0,HARRIS RANCH V2 (WILLOWS),39.690741,-119.692402,250,Reno,TBHRW0 HARRIS RANCH V2 (WILLOWS),Normal Geofence
30817765,"Rd 16 & Lindquist St, California 93631, USA",SJSL00,SUMMERLIN,36.513088,-119.538847,250,"Central Valley,Julio Contreras",SJSL00 SUMMERLIN,Normal Geofence
31084612,"E Bidwell St & White Rock Rd, California 95683, USA",TPFRL0,FOLSOM RANCH LARIAT,38.621385,-121.113775,250,"Sacramento,Hector M Michel",TPFRL0 FOLSOM RANCH LARIAT,Normal Geofence
31124824,"S Pinkham St & E K Ave, Visalia, CA 93292, USA",SJVDS0,VISTA DEL SOL,36.306194,-119.269453,250,"Central Valley,Julio Contreras",SJVDS0 VISTA DEL SOL,Normal Geofence
31125137,"Sparks, NV, USA",JSKSA0,KILEY RANCH HOMECOMING,39.600877,-119.721983,250,Reno,JSKSA0 KILEY RANCH HOMECOMING,Normal Geofence
31159655,"Sparks, NV, USA",DWEP00,EAGLE PEAK,39.569275,-119.720566,250,"Reno,Wesley Wilson",DWEP00 EAGLE PEAK,Normal Geofence
31427041,"Hawk View Rd & Sienna Ridge Rd, California 95762, USA",TBHR00,HIDDEN RIDGE,38.671075,-121.02869,250,Sacramento,TBHR00 HIDDEN RIDGE,Normal Geofence
31646416,"Ben Maddox Way & E K Ave, Visalia, CA 93292, USA",DRBW00,BRACKENWOOD,36.307344,-119.274192,250,"Central Valley,Julio Garcia",DRBW00 BRACKENWOOD,Normal Geofence
31647622,"Rancho, Redding, CA 96002, USA",DRLL00,LILAC,40.532593,-122.316288,250,"Sacramento,Ramon Camarena",DRLL00 LILAC,Normal Geofence
31872280,"https://www.google.com/maps/place/Paigewood+Dr,+Orland,+CA+95963/@39.7449153,-122.172169,404m/data=!3m1!1e3!4m5!3m4!1s0x8082e4b4414608e1:0xe14fecf8b68291f7!8m2!3d39.7449132!4d-122.1710747",DRAM00,AMBROSIA,39.745331,-122.169241,250,"Sacramento,Ramon Camarena",DRAM00 AMBROSIA,Normal Geofence
32008075,"https://www.google.com/maps/place/N+Hayden+Pkwy+%26+Crawford+Pkwy,+Roseville,+CA+95747/@38.7979541,-121.3739884,671m/data=!3m1!1e3!4m13!1m7!3m6!1s0x809b246936c2e4eb:0x2e4144780f6a4ef3!2sN+Hayden+Pkwy+%26+Crawford+Pkwy,+Roseville,+CA+95747!3b1!8m2!3d38.7979541!4d-121.3717997!3m4!1s0x809b246936c2e4eb:0x2e4144780f6a4ef3!8m2!3d38.7979541!4d-121.3717997?hl=en",DRBB20,BALBOA 2,38.796655,-121.373166,250,"Sacramento,Jose Hermosillo",DRBB20 BALBOA 2,Normal Geofence
